"","node1","node2","score"
"1","ACTA2","SNAI2",0.413
"2","ACTA2","DCN",0.537
"3","ACTA2","TIMP1",0.503
"4","ACTA2","COL8A1",0.4
"5","ACTA2","TWIST1",0.402
"6","ACTA2","COL14A1",0.404
"7","ACTA2","TCF4",0.408
"8","ACTA2","MGP",0.426
"9","ACTA2","COL4A2",0.442
"10","ACTA2","IGFBP7",0.445
"11","ACTA2","COL6A3",0.455
"12","ACTA2","LTBP2",0.456
"13","ACTA2","S100A4",0.481
"14","ACTA2","LUM",0.507
"15","ACTA2","LOX",0.533
"16","ACTA2","COL6A2",0.541
"17","ACTA2","MFAP5",0.552
"18","ACTA2","COL5A1",0.598
"19","ACTA2","COL4A1",0.603
"20","ACTA2","ASPN",0.624
"21","ACTA2","THY1",0.632
"22","ACTA2","FN1",0.689
"23","ACTA2","BGN",0.692
"24","ACTA2","FBN1",0.721
"25","ACTA2","CCN2",0.727
"26","ACTA2","PDGFRB",0.781
"27","ACTA2","COL1A2",0.814
"28","ACTA2","TPM2",0.824
"29","ACTA2","COL3A1",0.882
"30","ACTA2","COL1A1",0.928
"31","ACTA2","TAGLN",0.954
"32","ACTA2","MYL9",0.97
"33","ACVR1","ID3",0.402
"34","ADAM12","TIMP1",0.45
"35","ADAM12","COL1A1",0.446
"36","ADAM12","HBEGF",0.695
"37","ADAM12","CCN4",0.47
"38","ADAM12","ADAMTS2",0.453
"39","ADAM12","MMP7",0.405
"40","ADAM12","NOX4",0.474
"41","ADAM12","ADAM28",0.457
"42","ADAM12","TIMP3",0.504
"43","ADAM12","COL6A3",0.495
"44","ADAM12","COL1A2",0.428
"45","ADAM12","COL3A1",0.415
"46","ADAM12","MMP1",0.573
"47","ADAM12","FBN1",0.445
"48","ADAM12","COL10A1",0.578
"49","ADAM12","FN1",0.665
"50","ADAM12","MYOF",0.469
"51","ADAM12","SERPINH1",0.4
"52","ADAM12","COL5A1",0.515
"53","ADAM12","IGFBP3",0.671
"54","ADAM9","COL1A1",0.491
"55","ADAM9","HBEGF",0.518
"56","ADAM9","TIMP3",0.562
"57","ADAM9","CTSB",0.541
"58","ADAMTS2","DCN",0.449
"59","ADAMTS2","TIMP1",0.405
"60","ADAMTS2","COMP",0.436
"61","ADAMTS2","PCOLCE",0.539
"62","ADAMTS2","COL1A1",0.936
"63","ADAMTS2","LOX",0.75
"64","ADAMTS2","SPARC",0.418
"65","ADAMTS2","CCN4",0.477
"66","ADAMTS2","OLFML2B",0.457
"67","ADAMTS2","LUM",0.476
"68","ADAMTS2","COL4A1",0.481
"69","ADAMTS2","COL6A3",0.487
"70","ADAMTS2","COL4A2",0.488
"71","ADAMTS2","MFAP5",0.498
"72","ADAMTS2","COL14A1",0.527
"73","ADAMTS2","COL6A2",0.554
"74","ADAMTS2","LOXL1",0.568
"75","ADAMTS2","FN1",0.59
"76","ADAMTS2","COL8A1",0.595
"77","ADAMTS2","COL10A1",0.616
"78","ADAMTS2","SERPINH1",0.619
"79","ADAMTS2","TIMP3",0.638
"80","ADAMTS2","BGN",0.667
"81","ADAMTS2","FBN1",0.736
"82","ADAMTS2","COL5A1",0.826
"83","ADAMTS2","COL3A1",0.891
"84","ADAMTS2","COL1A2",0.946
"85","AEBP1","PCOLCE",0.5
"86","AEBP1","TAGLN",0.401
"87","AEBP1","ANTXR1",0.403
"88","AEBP1","PDGFRB",0.403
"89","AEBP1","EDNRA",0.423
"90","AEBP1","LUM",0.446
"91","AEBP1","MXRA8",0.45
"92","AEBP1","COL6A3",0.473
"93","AEBP1","COL3A1",0.53
"94","AEBP1","COL14A1",0.543
"95","AEBP1","COL1A1",0.562
"96","AEBP1","BGN",0.566
"97","AEBP1","COL6A2",0.572
"98","AEBP1","COL5A1",0.576
"99","AEBP1","COL1A2",0.578
"100","AEBP1","THBS2",0.595
"101","AHR","ARNTL2",0.711
"102","ALOX5AP","LOX",0.448
"103","ALOX5AP","TNFAIP6",0.409
"104","ALOX5AP","APOE",0.529
"105","ALOX5AP","TLR2",0.423
"106","ALOX5AP","F13A1",0.423
"107","ALOX5AP","NCF2",0.463
"108","ALOX5AP","MNDA",0.448
"109","ALOX5AP","EPHX2",0.61
"110","ALOX5AP","ITGAM",0.456
"111","ANOS1","STS",0.754
"112","ANOS1","FN1",0.489
"113","ANTXR1","COL1A1",0.438
"114","ANTXR1","HBEGF",0.463
"115","ANTXR1","LOX",0.49
"116","ANTXR1","DKK2",0.563
"117","ANTXR1","COL6A3",0.509
"118","ANTXR1","COL1A2",0.421
"119","ANTXR1","COL6A2",0.406
"120","ANTXR1","DKK1",0.431
"121","ANTXR1","FBN1",0.439
"122","ANTXR1","TAGLN",0.5
"123","ANTXR1","BGN",0.533
"124","ANTXR1","PLXDC1",0.545
"125","ANTXR1","DUSP5",0.571
"126","ANXA1","LGALS1",0.657
"127","ANXA1","TIMP1",0.451
"128","ANXA1","COL1A1",0.672
"129","ANXA1","PXDN",0.433
"130","ANXA1","LGALS3BP",0.476
"131","ANXA1","CAPG",0.4
"132","ANXA1","F13A1",0.555
"133","ANXA1","LUM",0.568
"134","ANXA1","S100A11",0.998
"135","ANXA1","COL1A2",0.564
"136","ANXA1","CXCL8",0.828
"137","ANXA1","CRIP1",0.428
"138","ANXA1","F3",0.557
"139","ANXA1","FN1",0.793
"140","ANXA1","MYOF",0.666
"141","ANXA1","MSN",0.417
"142","ANXA1","TGM2",0.632
"143","ANXA1","RGS1",0.557
"144","ANXA1","S100A4",0.844
"145","ANXA1","S100A6",0.877
"146","ANXA1","S100A10",0.977
"147","ANXA1","TGFBI",0.448
"148","ANXA1","RGS4",0.523
"149","APOC1","C3",0.431
"150","APOC1","APOE",0.999
"151","APOC1","COL1A2",0.417
"152","APOC1","COL3A1",0.419
"153","APOC1","APOD",0.854
"154","APOC1","FN1",0.485
"155","APOC1","COL5A1",0.407
"156","APOC1","TREM2",0.525
"157","APOC1","SERPINA1",0.758
"158","APOD","APOE",0.936
"159","APOD","MMP7",0.468
"160","APOD","CP",0.438
"161","APOD","SERPINA1",0.424
"162","APOD","C4BPA",0.527
"163","APOD","FN1",0.674
"164","APOE","TIMP1",0.476
"165","APOE","PLAT",0.639
"166","APOE","SERPINE1",0.601
"167","APOE","COL1A1",0.549
"168","APOE","MGP",0.454
"169","APOE","LOX",0.455
"170","APOE","SPARC",0.4
"171","APOE","TREM1",0.48
"172","APOE","C3",0.732
"173","APOE","FBN1",0.418
"174","APOE","FCGR3B",0.421
"175","APOE","SERPINF1",0.451
"176","APOE","COL4A2",0.455
"177","APOE","COL5A1",0.469
"178","APOE","CD14",0.485
"179","APOE","S100A6",0.501
"180","APOE","C4BPA",0.508
"181","APOE","MDK",0.509
"182","APOE","IL1RN",0.509
"183","APOE","CHI3L1",0.518
"184","APOE","LOXL1",0.522
"185","APOE","TAGLN",0.532
"186","APOE","F3",0.534
"187","APOE","CH25H",0.542
"188","APOE","LIPG",0.542
"189","APOE","TLR2",0.543
"190","APOE","THY1",0.545
"191","APOE","TIMP3",0.545
"192","APOE","IL18",0.549
"193","APOE","COL3A1",0.55
"194","APOE","EPHX2",0.556
"195","APOE","CFI",0.557
"196","APOE","PLAU",0.558
"197","APOE","NOX4",0.562
"198","APOE","THBS2",0.564
"199","APOE","SPON1",0.575
"200","APOE","PXDN",0.611
"201","APOE","PDGFRB",0.62
"202","APOE","TGFBI",0.631
"203","APOE","GPNMB",0.643
"204","APOE","CP",0.648
"205","APOE","OLR1",0.674
"206","APOE","CXCL8",0.683
"207","APOE","ITGAM",0.699
"208","APOE","CTSB",0.699
"209","APOE","CFB",0.7
"210","APOE","FN1",0.712
"211","APOE","MMP10",0.716
"212","APOE","BGN",0.723
"213","APOE","SERPINA1",0.781
"214","APOE","CFH",0.958
"215","APOE","TREM2",0.997
"216","ARL4C","CTSK",0.584
"217","ARL4C","RAP2B",0.405
"218","ARNTL2","SERPINE1",0.807
"219","ARNTL2","BHLHE40",0.699
"220","ARNTL2","SLC25A45",0.469
"221","ARPC1B","FCGR1A",0.411
"222","ASPN","DCN",0.476
"223","ASPN","COMP",0.573
"224","ASPN","LAMB1",0.416
"225","ASPN","COL1A1",0.719
"226","ASPN","LOX",0.404
"227","ASPN","TNFAIP6",0.493
"228","ASPN","COL8A1",0.418
"229","ASPN","PDGFRB",0.498
"230","ASPN","LOXL1",0.401
"231","ASPN","VCAN",0.648
"232","ASPN","LUM",0.664
"233","ASPN","CTSK",0.435
"234","ASPN","FRZB",0.902
"235","ASPN","COL6A3",0.457
"236","ASPN","COL1A2",0.714
"237","ASPN","COL14A1",0.674
"238","ASPN","COL6A2",0.643
"239","ASPN","COL3A1",0.815
"240","ASPN","FBN1",0.68
"241","ASPN","COL10A1",0.621
"242","ASPN","THBS4",0.46
"243","ASPN","PRELP",0.656
"244","ASPN","FN1",0.42
"245","ASPN","MFAP5",0.547
"246","ASPN","THBS2",0.742
"247","ASPN","CCN2",0.499
"248","ASPN","COL5A1",0.588
"249","ASPN","COL15A1",0.535
"250","ASPN","SFRP4",0.598
"251","ASPN","OMD",0.835
"252","ASPN","OGN",0.916
"253","ATP4A","LOX",0.448
"254","ATP4A","TNFSF11",0.418
"255","ATP4A","FXYD5",0.424
"256","ATP4A","CXCL8",0.444
"257","ATP4A","F3",0.447
"258","ATP4A","CTSK",0.462
"259","ATP4A","CCKBR",0.595
"260","BGN","SNAI2",0.51
"261","BGN","DCN",0.989
"262","BGN","NID2",0.49
"263","BGN","MXRA5",0.416
"264","BGN","TIMP1",0.578
"265","BGN","COMP",0.724
"266","BGN","PCOLCE",0.829
"267","BGN","SERPINE1",0.42
"268","BGN","COL1A1",0.974
"269","BGN","MGP",0.606
"270","BGN","LAMA4",0.401
"271","BGN","LOX",0.653
"272","BGN","SPARC",0.724
"273","BGN","PRRX1",0.492
"274","BGN","ISLR",0.424
"275","BGN","CCN4",0.962
"276","BGN","CHSY1",0.584
"277","BGN","SERPINF1",0.468
"278","BGN","TLR2",0.989
"279","BGN","SULF1",0.533
"280","BGN","COL8A1",0.5
"281","BGN","PDGFRB",0.52
"282","BGN","LOXL1",0.727
"283","BGN","LTBP2",0.557
"284","BGN","VCAN",0.951
"285","BGN","TIMP3",0.571
"286","BGN","LUM",0.918
"287","BGN","CDH11",0.677
"288","BGN","CTSK",0.437
"289","BGN","THY1",0.472
"290","BGN","COL6A3",0.806
"291","BGN","IGFBP7",0.419
"292","BGN","COL1A2",0.938
"293","BGN","COL14A1",0.514
"294","BGN","COL6A2",0.816
"295","BGN","COL3A1",0.89
"296","BGN","MMP1",0.491
"297","BGN","FBN1",0.784
"298","BGN","EMILIN1",0.406
"299","BGN","IGFBP3",0.415
"300","BGN","LAMA2",0.42
"301","BGN","OMD",0.432
"302","BGN","MFAP5",0.441
"303","BGN","COL15A1",0.461
"304","BGN","TAGLN",0.495
"305","BGN","THBS4",0.536
"306","BGN","CSGALNACT2",0.607
"307","BGN","SERPINH1",0.611
"308","BGN","CCN2",0.613
"309","BGN","COL16A1",0.621
"310","BGN","COL4A2",0.633
"311","BGN","OGN",0.636
"312","BGN","PRELP",0.681
"313","BGN","THBS2",0.693
"314","BGN","COL10A1",0.695
"315","BGN","COL4A1",0.763
"316","BGN","COL5A1",0.774
"317","BGN","TGFBI",0.821
"318","BGN","MFAP2",0.886
"319","BGN","FN1",0.995
"320","BHLHE40","EGR2",0.42
"321","BNC2","FBN1",0.541
"322","BST2","OAS3",0.653
"323","BST2","FCGR3B",0.427
"324","BST2","LY6E",0.539
"325","BST2","ITGAM",0.553
"326","BST2","TLR7",0.559
"327","BST2","IFI16",0.563
"328","BST2","IFI44L",0.684
"329","BST2","XAF1",0.696
"330","BST2","IFI44",0.708
"331","BST2","IFIT1",0.709
"332","BST2","IFI6",0.744
"333","BST2","IFITM1",0.81
"334","BST2","ISG15",0.845
"335","C1R","DCN",0.584
"336","C1R","PLAT",0.531
"337","C1R","C3",0.935
"338","C1R","SERPINF1",0.409
"339","C1R","CP",0.401
"340","C1R","LUM",0.409
"341","C1R","SERPING1",0.999
"342","C1R","COL1A2",0.409
"343","C1R","COL6A2",0.534
"344","C1R","C3AR1",0.591
"345","C1R","COL3A1",0.457
"346","C1R","FN1",0.616
"347","C1R","C5AR1",0.625
"348","C1R","MYOF",0.43
"349","C1R","C4BPA",0.543
"350","C1R","CFH",0.844
"351","C1R","VSIG4",0.446
"352","C1R","CFI",0.504
"353","C1R","C1S",0.999
"354","C1R","SERPINA1",0.402
"355","C1R","CFB",0.524
"356","C1R","NNMT",0.499
"357","C1S","DCN",0.608
"358","C1S","PLAT",0.579
"359","C1S","LOX",0.481
"360","C1S","C3",0.908
"361","C1S","SERPINF1",0.485
"362","C1S","LUM",0.458
"363","C1S","SERPING1",0.999
"364","C1S","COL6A2",0.542
"365","C1S","C3AR1",0.606
"366","C1S","COL3A1",0.467
"367","C1S","FN1",0.468
"368","C1S","C5AR1",0.659
"369","C1S","C4BPA",0.705
"370","C1S","CFH",0.744
"371","C1S","VSIG4",0.471
"372","C1S","CFI",0.463
"373","C1S","SERPINA1",0.444
"374","C1S","CFB",0.617
"375","C3","PLAT",0.446
"376","C3","SERPINE1",0.441
"377","C3","COL1A1",0.512
"378","C3","TREM2",0.413
"379","C3","F13A1",0.418
"380","C3","GJA1",0.421
"381","C3","FCGR2B",0.428
"382","C3","IL18",0.43
"383","C3","FCGR1A",0.436
"384","C3","PXDN",0.461
"385","C3","PRELP",0.469
"386","C3","SERPINF1",0.47
"387","C3","THBS2",0.501
"388","C3","MMP7",0.516
"389","C3","TLR2",0.533
"390","C3","LUM",0.54
"391","C3","IFITM1",0.571
"392","C3","RBMS1",0.598
"393","C3","PLAUR",0.609
"394","C3","FN1",0.623
"395","C3","FCGR3B",0.646
"396","C3","PLAU",0.707
"397","C3","CP",0.751
"398","C3","CXCL8",0.783
"399","C3","F3",0.803
"400","C3","C4BPA",0.817
"401","C3","SERPINA1",0.859
"402","C3","SERPING1",0.954
"403","C3","C5AR1",0.977
"404","C3","C3AR1",0.998
"405","C3","CFI",0.999
"406","C3","ITGAM",0.999
"407","C3","VSIG4",0.999
"408","C3","CFH",0.999
"409","C3","CFB",0.999
"410","C3AR1","IL1RN",0.408
"411","C3AR1","TLR2",0.753
"412","C3AR1","SERPING1",0.636
"413","C3AR1","CXCL3",0.414
"414","C3AR1","TLR7",0.406
"415","C3AR1","MNDA",0.458
"416","C3AR1","FCGR3B",0.465
"417","C3AR1","IFI44",0.504
"418","C3AR1","TREM2",0.538
"419","C3AR1","CFB",0.541
"420","C3AR1","FCGR1A",0.569
"421","C3AR1","NCF2",0.604
"422","C3AR1","FCGR2B",0.635
"423","C3AR1","ITGAM",0.739
"424","C3AR1","CFH",0.777
"425","C3AR1","VSIG4",0.783
"426","C3AR1","CXCL8",0.796
"427","C3AR1","C5AR1",0.987
"428","C4BPA","SERPING1",0.535
"429","C4BPA","SERPINA1",0.401
"430","C4BPA","S100A6",0.437
"431","C4BPA","CFH",0.442
"432","C4BPA","S100A10",0.517
"433","C4BPA","CFB",0.628
"434","C4BPA","PROS1",0.801
"435","C4BPA","CFI",0.816
"436","C5AR1","COL1A1",0.437
"437","C5AR1","TREM1",0.485
"438","C5AR1","TLR2",0.922
"439","C5AR1","SERPING1",0.756
"440","C5AR1","IGFBP7",0.404
"441","C5AR1","COL1A2",0.426
"442","C5AR1","CXCL8",0.789
"443","C5AR1","F3",0.45
"444","C5AR1","PLAUR",0.475
"445","C5AR1","CD14",0.426
"446","C5AR1","CFI",0.428
"447","C5AR1","NCF2",0.472
"448","C5AR1","FCGR2B",0.526
"449","C5AR1","VSIG4",0.556
"450","C5AR1","FCGR1A",0.572
"451","C5AR1","FCGR3B",0.657
"452","C5AR1","CFH",0.669
"453","C5AR1","CFB",0.68
"454","C5AR1","ITGAM",0.822
"455","CAPG","GPNMB",0.439
"456","CAPG","CRIP1",0.598
"457","CCDC102B","FHL2",0.446
"458","CCL20","TIMP1",0.651
"459","CCL20","CXCL6",0.836
"460","CCL20","LOX",0.489
"461","CCL20","TNFAIP6",0.4
"462","CCL20","PI3",0.471
"463","CCL20","LIF",0.653
"464","CCL20","CHI3L1",0.503
"465","CCL20","IL1RN",0.67
"466","CCL20","TLR2",0.608
"467","CCL20","VCAN",0.433
"468","CCL20","IL18",0.752
"469","CCL20","CXCL3",0.951
"470","CCL20","CXCL8",0.941
"471","CCL20","MMP1",0.678
"472","CCL20","IL1R2",0.642
"473","CCL20","CXCL14",0.507
"474","CCL20","FCGR3B",0.42
"475","CCL20","TNFSF11",0.452
"476","CCL20","TLR7",0.502
"477","CCL20","IGFBP3",0.511
"478","CCL20","FCGR1A",0.511
"479","CCL20","ITGAM",0.519
"480","CCN2","SNAI2",0.525
"481","CCN2","DCN",0.939
"482","CCN2","TIMP1",0.816
"483","CCN2","PLAT",0.496
"484","CCN2","COMP",0.4
"485","CCN2","HGF",0.593
"486","CCN2","SERPINE1",0.819
"487","CCN2","COL1A1",0.876
"488","CCN2","MGP",0.43
"489","CCN2","HBEGF",0.525
"490","CCN2","LOX",0.763
"491","CCN2","SPARC",0.764
"492","CCN2","TWIST1",0.452
"493","CCN2","PXDN",0.675
"494","CCN2","SERPINF1",0.474
"495","CCN2","MMP7",0.448
"496","CCN2","PDGFRB",0.671
"497","CCN2","LOXL1",0.417
"498","CCN2","LTBP2",0.417
"499","CCN2","NOX4",0.608
"500","CCN2","VCAN",0.407
"501","CCN2","WNT2",0.421
"502","CCN2","TIMP3",0.735
"503","CCN2","LUM",0.525
"504","CCN2","CDH11",0.453
"505","CCN2","GJA1",0.516
"506","CCN2","THY1",0.646
"507","CCN2","COL6A3",0.603
"508","CCN2","FSTL1",0.489
"509","CCN2","IGFBP7",0.921
"510","CCN2","COL1A2",0.835
"511","CCN2","COL6A2",0.559
"512","CCN2","COL3A1",0.782
"513","CCN2","CXCL8",0.535
"514","CCN2","MMP1",0.57
"515","CCN2","FBN1",0.797
"516","CCN2","F3",0.426
"517","CCN2","FN1",0.963
"518","CCN2","COL4A2",0.5
"519","CCN2","TGM2",0.407
"520","CCN2","THBS2",0.551
"521","CCN2","SERPINE2",0.402
"522","CCN2","S100A6",0.403
"523","CCN2","EFEMP1",0.411
"524","CCN2","DKK1",0.473
"525","CCN2","PLAU",0.48
"526","CCN2","TPM2",0.504
"527","CCN2","TGFBI",0.511
"528","CCN2","MFAP2",0.523
"529","CCN2","S100A4",0.529
"530","CCN2","COL4A1",0.611
"531","CCN2","ITGAM",0.614
"532","CCN2","SERPINH1",0.63
"533","CCN2","COL5A1",0.658
"534","CCN2","IGFBP3",0.678
"535","CCN2","TAGLN",0.756
"536","CCN4","DCN",0.766
"537","CCN4","COL1A1",0.477
"538","CCN4","SPARC",0.492
"539","CCN4","FN1",0.427
"540","CCN4","SFRP4",0.445
"541","CCN4","COL3A1",0.484
"542","CCN4","FRZB",0.506
"543","CCN4","WNT2",0.507
"544","CCN4","COL10A1",0.521
"545","CCN4","DKK1",0.523
"546","CD14","TLR2",0.992
"547","CD14","FSTL1",0.609
"548","CD14","MNDA",0.42
"549","CD14","FCGR1A",0.415
"550","CD14","VSIG4",0.432
"551","CD14","TLR7",0.502
"552","CD14","FCGR3B",0.504
"553","CD14","ITGAM",0.75
"554","CDH11","SNAI2",0.549
"555","CDH11","DCN",0.549
"556","CDH11","FAP",0.432
"557","CDH11","COL1A1",0.64
"558","CDH11","LAMA4",0.617
"559","CDH11","SPARC",0.497
"560","CDH11","TWIST1",0.477
"561","CDH11","SULF1",0.464
"562","CDH11","COL8A1",0.421
"563","CDH11","PDGFRB",0.47
"564","CDH11","LTBP2",0.421
"565","CDH11","LUM",0.526
"566","CDH11","CTSK",0.403
"567","CDH11","COL4A1",0.419
"568","CDH11","THY1",0.475
"569","CDH11","THBS2",0.489
"570","CDH11","GJA1",0.507
"571","CDH11","FBN1",0.53
"572","CDH11","COL6A3",0.537
"573","CDH11","COL5A1",0.648
"574","CDH11","FN1",0.664
"575","CDH11","COL1A2",0.693
"576","CDH11","COL3A1",0.695
"577","CFB","COL8A1",0.429
"578","CFB","CP",0.513
"579","CFB","TIMP3",0.422
"580","CFB","SERPING1",0.88
"581","CFB","FN1",0.523
"582","CFB","CFH",0.961
"583","CFB","HTRA1",0.556
"584","CFB","CFI",0.97
"585","CFB","SERPINA1",0.725
"586","CFB","ISG15",0.489
"587","CFH","PCOLCE",0.461
"588","CFH","SERPINF1",0.427
"589","CFH","COL8A1",0.47
"590","CFH","CP",0.616
"591","CFH","TIMP3",0.684
"592","CFH","SERPING1",0.722
"593","CFH","COL6A2",0.431
"594","CFH","CXCL8",0.403
"595","CFH","F3",0.676
"596","CFH","PLAUR",0.56
"597","CFH","FN1",0.587
"598","CFH","TGFBI",0.464
"599","CFH","VSIG4",0.581
"600","CFH","PLAU",0.601
"601","CFH","SERPINA1",0.651
"602","CFH","HTRA1",0.781
"603","CFH","EFEMP1",0.786
"604","CFH","CFI",0.999
"605","CFI","CHI3L1",0.419
"606","CFI","CP",0.443
"607","CFI","SERPING1",0.634
"608","CFI","F3",0.609
"609","CFI","PLAUR",0.551
"610","CFI","PLAU",0.635
"611","CFI","SERPINA1",0.584
"612","CH25H","PTGIS",0.704
"613","CH25H","ISG15",0.439
"614","CHI3L1","TIMP1",0.511
"615","CHI3L1","COMP",0.475
"616","CHI3L1","SERPINE1",0.408
"617","CHI3L1","RGS4",0.401
"618","CHI3L1","FN1",0.406
"619","CHI3L1","MMP7",0.406
"620","CHI3L1","IL18",0.416
"621","CHI3L1","THBS2",0.461
"622","CHI3L1","MMP1",0.51
"623","CHI3L1","CXCL8",0.524
"624","CHI3L1","TREM2",0.567
"625","CHSY1","DCN",0.733
"626","CHSY1","VCAN",0.551
"627","CHSY1","CSGALNACT2",0.943
"628","CLEC4A","FCGR1A",0.406
"629","CLEC4A","NCF2",0.422
"630","CLEC4A","FCGR3B",0.434
"631","CLEC4A","FCGR2B",0.441
"632","CLEC4A","ITGAM",0.53
"633","CLEC4A","MNDA",0.533
"634","CLEC4A","TLR7",0.541
"635","CLEC4A","CLEC5A",0.564
"636","CLEC4A","TLR2",0.711
"637","CLEC5A","TREM1",0.777
"638","CLEC5A","TLR2",0.515
"639","CLEC5A","OLR1",0.5
"640","CLEC5A","FCGR1A",0.468
"641","CLEC5A","TREM2",0.538
"642","CLEC5A","VSIG4",0.451
"643","CLEC5A","FCGR3B",0.578
"644","CLEC5A","ITGAM",0.509
"645","COL10A1","DCN",0.447
"646","COL10A1","COMP",0.768
"647","COL10A1","COL1A1",0.781
"648","COL10A1","SPARC",0.44
"649","COL10A1","TWIST1",0.475
"650","COL10A1","SULF1",0.521
"651","COL10A1","COL8A1",0.781
"652","COL10A1","NOX4",0.573
"653","COL10A1","TIMP3",0.414
"654","COL10A1","CTSK",0.488
"655","COL10A1","FRZB",0.404
"656","COL10A1","COL6A3",0.536
"657","COL10A1","COL1A2",0.755
"658","COL10A1","COL14A1",0.568
"659","COL10A1","COL6A2",0.651
"660","COL10A1","COL3A1",0.762
"661","COL10A1","MMP1",0.618
"662","COL10A1","GREM1",0.403
"663","COL10A1","OMD",0.434
"664","COL10A1","SFRP4",0.464
"665","COL10A1","COL16A1",0.512
"666","COL10A1","THBS2",0.568
"667","COL10A1","COL5A1",0.577
"668","COL10A1","COL4A5",0.591
"669","COL10A1","FN1",0.602
"670","COL10A1","COL15A1",0.638
"671","COL10A1","COL4A1",0.644
"672","COL10A1","SERPINH1",0.774
"673","COL10A1","COL4A2",0.823
"674","COL14A1","DCN",0.937
"675","COL14A1","NID2",0.438
"676","COL14A1","MXRA5",0.449
"677","COL14A1","LAMB1",0.624
"678","COL14A1","PCOLCE",0.465
"679","COL14A1","COL1A1",0.783
"680","COL14A1","LAMA4",0.543
"681","COL14A1","COL8A1",0.614
"682","COL14A1","LUM",0.726
"683","COL14A1","COL6A3",0.607
"684","COL14A1","COL1A2",0.788
"685","COL14A1","THBS4",0.411
"686","COL14A1","ZCCHC24",0.434
"687","COL14A1","THBS2",0.505
"688","COL14A1","COL4A5",0.514
"689","COL14A1","FBN1",0.522
"690","COL14A1","LAMA2",0.535
"691","COL14A1","COL4A1",0.566
"692","COL14A1","COL4A2",0.67
"693","COL14A1","SERPINH1",0.691
"694","COL14A1","COL3A1",0.701
"695","COL14A1","PRELP",0.732
"696","COL14A1","FN1",0.74
"697","COL14A1","COL15A1",0.779
"698","COL14A1","OGN",0.782
"699","COL14A1","COL5A1",0.786
"700","COL14A1","COL6A2",0.799
"701","COL14A1","COL16A1",0.874
"702","COL15A1","DCN",0.472
"703","COL15A1","NID2",0.545
"704","COL15A1","MXRA5",0.501
"705","COL15A1","LAMB1",0.631
"706","COL15A1","PCOLCE",0.453
"707","COL15A1","COL1A1",0.713
"708","COL15A1","LAMA4",0.582
"709","COL15A1","ISLR",0.403
"710","COL15A1","MMP7",0.51
"711","COL15A1","COL8A1",0.801
"712","COL15A1","LUM",0.594
"713","COL15A1","CTSK",0.471
"714","COL15A1","COL6A3",0.689
"715","COL15A1","COL1A2",0.702
"716","COL15A1","COL6A2",0.777
"717","COL15A1","COL3A1",0.791
"718","COL15A1","FBN1",0.535
"719","COL15A1","COL4A5",0.767
"720","COL15A1","CTSB",0.597
"721","COL15A1","FN1",0.567
"722","COL15A1","COL4A2",0.777
"723","COL15A1","THBS2",0.612
"724","COL15A1","COL5A1",0.793
"725","COL15A1","COL16A1",0.579
"726","COL15A1","OGN",0.408
"727","COL15A1","LAMA2",0.476
"728","COL15A1","COL4A1",0.74
"729","COL15A1","SERPINH1",0.766
"730","COL16A1","LAMB1",0.431
"731","COL16A1","PCOLCE",0.412
"732","COL16A1","COL1A1",0.756
"733","COL16A1","LAMA4",0.514
"734","COL16A1","LOX",0.403
"735","COL16A1","COL8A1",0.583
"736","COL16A1","LTBP2",0.476
"737","COL16A1","TIMP3",0.472
"738","COL16A1","LUM",0.739
"739","COL16A1","THY1",0.444
"740","COL16A1","COL6A3",0.75
"741","COL16A1","COL1A2",0.822
"742","COL16A1","COL6A2",0.772
"743","COL16A1","COL3A1",0.828
"744","COL16A1","FBN1",0.633
"745","COL16A1","COL4A5",0.717
"746","COL16A1","FN1",0.4
"747","COL16A1","COL4A2",0.759
"748","COL16A1","THBS2",0.566
"749","COL16A1","COL5A1",0.818
"750","COL16A1","LAMA2",0.454
"751","COL16A1","SERPINH1",0.62
"752","COL16A1","COL4A1",0.653
"753","COL1A1","SNAI2",0.661
"754","COL1A1","DCN",0.923
"755","COL1A1","FAP",0.573
"756","COL1A1","NID2",0.643
"757","COL1A1","MXRA5",0.649
"758","COL1A1","TIMP1",0.842
"759","COL1A1","COMP",0.636
"760","COL1A1","LAMB1",0.734
"761","COL1A1","PCOLCE",0.813
"762","COL1A1","SERPINE1",0.643
"763","COL1A1","CXCL8",0.408
"764","COL1A1","NOX4",0.41
"765","COL1A1","PLAU",0.411
"766","COL1A1","ITGAM",0.414
"767","COL1A1","MXRA8",0.417
"768","COL1A1","IGFBP7",0.417
"769","COL1A1","TGFB1I1",0.421
"770","COL1A1","MFAP2",0.421
"771","COL1A1","HTRA1",0.44
"772","COL1A1","IFIT1",0.453
"773","COL1A1","MMP10",0.453
"774","COL1A1","GJA1",0.456
"775","COL1A1","CXCL3",0.474
"776","COL1A1","THBS4",0.477
"777","COL1A1","CXCL6",0.484
"778","COL1A1","DKK1",0.499
"779","COL1A1","LAMA2",0.508
"780","COL1A1","TWIST1",0.509
"781","COL1A1","TGM2",0.51
"782","COL1A1","GREM1",0.512
"783","COL1A1","MYL9",0.517
"784","COL1A1","OGN",0.528
"785","COL1A1","SFRP4",0.534
"786","COL1A1","LTBP2",0.543
"787","COL1A1","MGP",0.552
"788","COL1A1","S100A4",0.553
"789","COL1A1","VCAN",0.585
"790","COL1A1","TNFSF11",0.597
"791","COL1A1","PRRX1",0.598
"792","COL1A1","PRELP",0.6
"793","COL1A1","SERPINF1",0.602
"794","COL1A1","LAMA4",0.612
"795","COL1A1","SULF1",0.621
"796","COL1A1","TPM2",0.633
"797","COL1A1","PXDN",0.636
"798","COL1A1","EFEMP1",0.638
"799","COL1A1","CTSK",0.651
"800","COL1A1","FSTL1",0.658
"801","COL1A1","MMP7",0.665
"802","COL1A1","MFAP5",0.676
"803","COL1A1","ISLR",0.677
"804","COL1A1","TIMP3",0.684
"805","COL1A1","LOXL1",0.689
"806","COL1A1","COL4A2",0.698
"807","COL1A1","TGFBI",0.716
"808","COL1A1","TNFRSF11B",0.729
"809","COL1A1","IGFBP3",0.75
"810","COL1A1","COL8A1",0.765
"811","COL1A1","MMP1",0.767
"812","COL1A1","TAGLN",0.785
"813","COL1A1","COL4A5",0.798
"814","COL1A1","THY1",0.807
"815","COL1A1","LOX",0.808
"816","COL1A1","COL4A1",0.827
"817","COL1A1","THBS2",0.828
"818","COL1A1","PDGFRB",0.831
"819","COL1A1","SERPINH1",0.921
"820","COL1A1","FBN1",0.929
"821","COL1A1","COL6A2",0.954
"822","COL1A1","SPARC",0.968
"823","COL1A1","COL6A3",0.974
"824","COL1A1","FN1",0.974
"825","COL1A1","LUM",0.981
"826","COL1A1","COL5A1",0.994
"827","COL1A1","COL3A1",0.999
"828","COL1A1","COL1A2",0.999
"829","COL1A2","SNAI2",0.41
"830","COL1A2","DCN",0.93
"831","COL1A2","FAP",0.446
"832","COL1A2","NID2",0.536
"833","COL1A2","MXRA5",0.579
"834","COL1A2","TIMP1",0.671
"835","COL1A2","COMP",0.551
"836","COL1A2","LAMB1",0.599
"837","COL1A2","PCOLCE",0.963
"838","COL1A2","SERPINE1",0.694
"839","COL1A2","MGP",0.532
"840","COL1A2","LAMA4",0.614
"841","COL1A2","LOX",0.788
"842","COL1A2","SPARC",0.959
"843","COL1A2","PRRX1",0.541
"844","COL1A2","TWIST1",0.432
"845","COL1A2","PTGIS",0.435
"846","COL1A2","ISLR",0.623
"847","COL1A2","PXDN",0.544
"848","COL1A2","SERPINF1",0.669
"849","COL1A2","SULF1",0.587
"850","COL1A2","MMP7",0.613
"851","COL1A2","COL8A1",0.771
"852","COL1A2","PDGFRB",0.629
"853","COL1A2","LOXL1",0.638
"854","COL1A2","LTBP2",0.526
"855","COL1A2","F13A1",0.523
"856","COL1A2","VCAN",0.756
"857","COL1A2","TIMP3",0.662
"858","COL1A2","LUM",0.999
"859","COL1A2","CTSK",0.594
"860","COL1A2","MYL9",0.441
"861","COL1A2","MMP10",0.438
"862","COL1A2","GJA1",0.476
"863","COL1A2","THY1",0.734
"864","COL1A2","COL6A3",0.968
"865","COL1A2","FSTL1",0.633
"866","COL1A2","IGFBP7",0.487
"867","COL1A2","CXCL3",0.444
"868","COL1A2","SFRP4",0.405
"869","COL1A2","TNFRSF11B",0.406
"870","COL1A2","EFEMP1",0.427
"871","COL1A2","JUNB",0.433
"872","COL1A2","DACT1",0.439
"873","COL1A2","MOXD1",0.443
"874","COL1A2","TGFB1I1",0.444
"875","COL1A2","IFIT1",0.445
"876","COL1A2","THBS4",0.456
"877","COL1A2","IGFBP3",0.468
"878","COL1A2","TNFSF11",0.48
"879","COL1A2","LAMA2",0.49
"880","COL1A2","MFAP5",0.506
"881","COL1A2","MFAP2",0.509
"882","COL1A2","S100A4",0.509
"883","COL1A2","OGN",0.557
"884","COL1A2","TPM2",0.563
"885","COL1A2","MMP1",0.659
"886","COL1A2","TGFBI",0.738
"887","COL1A2","TAGLN",0.744
"888","COL1A2","COL4A1",0.757
"889","COL1A2","COL4A2",0.786
"890","COL1A2","COL4A5",0.789
"891","COL1A2","THBS2",0.858
"892","COL1A2","SERPINH1",0.879
"893","COL1A2","COL6A2",0.908
"894","COL1A2","FBN1",0.965
"895","COL1A2","FN1",0.982
"896","COL1A2","COL5A1",0.989
"897","COL1A2","COL3A1",0.999
"898","COL3A1","SNAI2",0.438
"899","COL3A1","DCN",0.935
"900","COL3A1","FAP",0.452
"901","COL3A1","LGALS1",0.541
"902","COL3A1","NID2",0.562
"903","COL3A1","MXRA5",0.646
"904","COL3A1","TIMP1",0.678
"905","COL3A1","COMP",0.526
"906","COL3A1","LAMB1",0.685
"907","COL3A1","PCOLCE",0.976
"908","COL3A1","SERPINE1",0.507
"909","COL3A1","MGP",0.562
"910","COL3A1","LAMA4",0.75
"911","COL3A1","LOX",0.843
"912","COL3A1","SPARC",0.911
"913","COL3A1","PRRX1",0.498
"914","COL3A1","TWIST1",0.42
"915","COL3A1","ISLR",0.694
"916","COL3A1","PXDN",0.488
"917","COL3A1","SERPINF1",0.436
"918","COL3A1","SULF1",0.748
"919","COL3A1","MMP7",0.643
"920","COL3A1","COL8A1",0.655
"921","COL3A1","PDGFRB",0.623
"922","COL3A1","LOXL1",0.605
"923","COL3A1","LTBP2",0.529
"924","COL3A1","VCAN",0.722
"925","COL3A1","TIMP3",0.603
"926","COL3A1","LUM",0.986
"927","COL3A1","CTSK",0.682
"928","COL3A1","MYL9",0.408
"929","COL3A1","THY1",0.487
"930","COL3A1","COL6A3",0.952
"931","COL3A1","FSTL1",0.605
"932","COL3A1","IGFBP7",0.435
"933","COL3A1","STEAP1",0.459
"934","COL3A1","COL6A2",0.894
"935","COL3A1","EFEMP1",0.414
"936","COL3A1","MXRA8",0.423
"937","COL3A1","SFRP4",0.43
"938","COL3A1","EDNRA",0.457
"939","COL3A1","S100A4",0.474
"940","COL3A1","TGFBI",0.531
"941","COL3A1","OGN",0.533
"942","COL3A1","MMP1",0.55
"943","COL3A1","TAGLN",0.592
"944","COL3A1","MFAP5",0.631
"945","COL3A1","LAMA2",0.684
"946","COL3A1","THBS4",0.691
"947","COL3A1","COL4A5",0.803
"948","COL3A1","THBS2",0.804
"949","COL3A1","COL4A2",0.817
"950","COL3A1","COL4A1",0.856
"951","COL3A1","SERPINH1",0.876
"952","COL3A1","FN1",0.928
"953","COL3A1","FBN1",0.97
"954","COL3A1","COL5A1",0.983
"955","COL4A1","DCN",0.503
"956","COL4A1","NID2",0.74
"957","COL4A1","TIMP1",0.498
"958","COL4A1","LAMB1",0.843
"959","COL4A1","PCOLCE",0.441
"960","COL4A1","SERPINE1",0.466
"961","COL4A1","LAMA4",0.787
"962","COL4A1","LOX",0.567
"963","COL4A1","SPARC",0.617
"964","COL4A1","PXDN",0.545
"965","COL4A1","COL8A1",0.736
"966","COL4A1","PDGFRB",0.48
"967","COL4A1","LOXL1",0.464
"968","COL4A1","LTBP2",0.498
"969","COL4A1","VCAN",0.448
"970","COL4A1","TIMP3",0.494
"971","COL4A1","LUM",0.699
"972","COL4A1","COL6A3",0.809
"973","COL4A1","FSTL1",0.525
"974","COL4A1","IGFBP7",0.474
"975","COL4A1","COL6A2",0.81
"976","COL4A1","FBN1",0.805
"977","COL4A1","COL4A5",0.608
"978","COL4A1","THBS4",0.605
"979","COL4A1","FN1",0.849
"980","COL4A1","COL4A2",0.999
"981","COL4A1","TGM2",0.468
"982","COL4A1","THBS2",0.715
"983","COL4A1","COL5A1",0.915
"984","COL4A1","DKK1",0.479
"985","COL4A1","TAGLN",0.423
"986","COL4A1","LAMA2",0.587
"987","COL4A1","TGFBI",0.691
"988","COL4A1","SERPINH1",0.818
"989","COL4A2","DCN",0.457
"990","COL4A2","NID2",0.734
"991","COL4A2","LAMB1",0.738
"992","COL4A2","PCOLCE",0.647
"993","COL4A2","LAMA4",0.798
"994","COL4A2","LOX",0.504
"995","COL4A2","SPARC",0.579
"996","COL4A2","PXDN",0.447
"997","COL4A2","COL8A1",0.712
"998","COL4A2","PDGFRB",0.428
"999","COL4A2","VCAN",0.433
"1000","COL4A2","TIMP3",0.496
"1001","COL4A2","LUM",0.659
"1002","COL4A2","COL6A3",0.792
"1003","COL4A2","FSTL1",0.462
"1004","COL4A2","IGFBP7",0.414
"1005","COL4A2","COL6A2",0.813
"1006","COL4A2","FBN1",0.656
"1007","COL4A2","COL4A5",0.826
"1008","COL4A2","THBS4",0.549
"1009","COL4A2","FN1",0.75
"1010","COL4A2","HTRA1",0.402
"1011","COL4A2","EFEMP1",0.458
"1012","COL4A2","TGFBI",0.669
"1013","COL4A2","THBS2",0.679
"1014","COL4A2","LAMA2",0.688
"1015","COL4A2","COL5A1",0.872
"1016","COL4A2","SERPINH1",0.88
"1017","COL4A5","NID2",0.431
"1018","COL4A5","LAMB1",0.485
"1019","COL4A5","LAMA4",0.491
"1020","COL4A5","COL8A1",0.773
"1021","COL4A5","COL6A3",0.716
"1022","COL4A5","COL6A2",0.596
"1023","COL4A5","THBS4",0.53
"1024","COL4A5","THBS2",0.539
"1025","COL4A5","COL5A1",0.569
"1026","COL4A5","SERPINH1",0.653
"1027","COL5A1","DCN",0.573
"1028","COL5A1","NID2",0.582
"1029","COL5A1","MXRA5",0.581
"1030","COL5A1","TIMP1",0.626
"1031","COL5A1","LAMB1",0.613
"1032","COL5A1","PCOLCE",0.928
"1033","COL5A1","SERPINE1",0.432
"1034","COL5A1","LAMA4",0.62
"1035","COL5A1","LOX",0.703
"1036","COL5A1","SPARC",0.675
"1037","COL5A1","PXDN",0.553
"1038","COL5A1","SULF1",0.49
"1039","COL5A1","MMP7",0.536
"1040","COL5A1","COL8A1",0.725
"1041","COL5A1","PDGFRB",0.406
"1042","COL5A1","LOXL1",0.584
"1043","COL5A1","LTBP2",0.526
"1044","COL5A1","VCAN",0.631
"1045","COL5A1","TIMP3",0.478
"1046","COL5A1","LUM",0.912
"1047","COL5A1","THY1",0.409
"1048","COL5A1","COL6A3",0.892
"1049","COL5A1","FSTL1",0.407
"1050","COL5A1","COL6A2",0.862
"1051","COL5A1","MMP1",0.416
"1052","COL5A1","FBN1",0.929
"1053","COL5A1","DACT1",0.404
"1054","COL5A1","FN1",0.84
"1055","COL5A1","MFAP5",0.513
"1056","COL5A1","THBS2",0.742
"1057","COL5A1","OGN",0.403
"1058","COL5A1","TAGLN",0.42
"1059","COL5A1","MFAP2",0.424
"1060","COL5A1","TGFB1I1",0.488
"1061","COL5A1","LAMA2",0.511
"1062","COL5A1","TGFBI",0.591
"1063","COL5A1","SERPINH1",0.804
"1064","COL6A2","DCN",0.628
"1065","COL6A2","NID2",0.503
"1066","COL6A2","LAMB1",0.842
"1067","COL6A2","PCOLCE",0.833
"1068","COL6A2","LAMA4",0.615
"1069","COL6A2","LOX",0.519
"1070","COL6A2","SPARC",0.571
"1071","COL6A2","PRRX1",0.422
"1072","COL6A2","ISLR",0.459
"1073","COL6A2","COL8A1",0.666
"1074","COL6A2","PDGFRB",0.597
"1075","COL6A2","LOXL1",0.578
"1076","COL6A2","LTBP2",0.551
"1077","COL6A2","TIMP3",0.51
"1078","COL6A2","LUM",0.702
"1079","COL6A2","GJA1",0.438
"1080","COL6A2","THY1",0.571
"1081","COL6A2","COL6A3",0.994
"1082","COL6A2","FSTL1",0.409
"1083","COL6A2","TGFB1I1",0.403
"1084","COL6A2","MFAP2",0.42
"1085","COL6A2","OGN",0.421
"1086","COL6A2","EFEMP1",0.445
"1087","COL6A2","MFAP5",0.49
"1088","COL6A2","PLAU",0.496
"1089","COL6A2","PRELP",0.517
"1090","COL6A2","MXRA8",0.521
"1091","COL6A2","TGFBI",0.543
"1092","COL6A2","THBS4",0.583
"1093","COL6A2","TAGLN",0.596
"1094","COL6A2","LAMA2",0.668
"1095","COL6A2","FBN1",0.75
"1096","COL6A2","THBS2",0.754
"1097","COL6A2","FN1",0.802
"1098","COL6A2","SERPINH1",0.837
"1099","COL6A3","SNAI2",0.477
"1100","COL6A3","DCN",0.657
"1101","COL6A3","NID2",0.68
"1102","COL6A3","MXRA5",0.498
"1103","COL6A3","TIMP1",0.447
"1104","COL6A3","LAMB1",0.76
"1105","COL6A3","PCOLCE",0.654
"1106","COL6A3","LAMA4",0.587
"1107","COL6A3","LOX",0.441
"1108","COL6A3","SPARC",0.556
"1109","COL6A3","COL8A1",0.585
"1110","COL6A3","PDGFRB",0.633
"1111","COL6A3","LOXL1",0.493
"1112","COL6A3","LTBP2",0.408
"1113","COL6A3","VCAN",0.671
"1114","COL6A3","LUM",0.853
"1115","COL6A3","THY1",0.584
"1116","COL6A3","FSTL1",0.419
"1117","COL6A3","OGN",0.442
"1118","COL6A3","PLAU",0.48
"1119","COL6A3","TGFBI",0.489
"1120","COL6A3","TAGLN",0.57
"1121","COL6A3","THBS4",0.581
"1122","COL6A3","LAMA2",0.648
"1123","COL6A3","FN1",0.736
"1124","COL6A3","FBN1",0.786
"1125","COL6A3","THBS2",0.799
"1126","COL6A3","SERPINH1",0.831
"1127","COL8A1","DCN",0.43
"1128","COL8A1","NID2",0.402
"1129","COL8A1","LAMB1",0.455
"1130","COL8A1","PCOLCE",0.471
"1131","COL8A1","LAMA4",0.537
"1132","COL8A1","LOX",0.496
"1133","COL8A1","LTBP2",0.41
"1134","COL8A1","MFAP5",0.419
"1135","COL8A1","LUM",0.439
"1136","COL8A1","LAMA2",0.441
"1137","COL8A1","FN1",0.448
"1138","COL8A1","TIMP3",0.485
"1139","COL8A1","F3",0.528
"1140","COL8A1","FBN1",0.586
"1141","COL8A1","THBS2",0.59
"1142","COL8A1","SERPINH1",0.65
"1143","COMP","DCN",0.83
"1144","COMP","SPARC",0.404
"1145","COMP","MGP",0.418
"1146","COMP","TNFRSF11B",0.435
"1147","COMP","CTSK",0.437
"1148","COMP","IL1R2",0.439
"1149","COMP","MMP1",0.469
"1150","COMP","IGFBP3",0.493
"1151","COMP","SFRP4",0.499
"1152","COMP","OMD",0.529
"1153","COMP","PRELP",0.558
"1154","COMP","LUM",0.586
"1155","COMP","TAGLN",0.606
"1156","COMP","THBS4",0.856
"1157","COMP","FN1",0.958
"1158","CP","LOX",0.632
"1159","CP","IL1RN",0.438
"1160","CP","IFI6",0.41
"1161","CP","OGN",0.466
"1162","CP","CTSB",0.502
"1163","CP","SERPING1",0.673
"1164","CP","SERPINA1",0.944
"1165","CRIP1","SPARC",0.603
"1166","CRIP1","S100A10",0.476
"1167","CRIP1","S100A6",0.527
"1168","CSGALNACT2","DCN",0.524
"1169","CSGALNACT2","VCAN",0.512
"1170","CSTA","PLAT",0.551
"1171","CSTA","SERPINE1",0.595
"1172","CSTA","PI3",0.776
"1173","CSTA","IL1RN",0.435
"1174","CSTA","PLAU",0.612
"1175","CSTA","CTSB",0.998
"1176","CTH","TIMP1",0.463
"1177","CTH","LUM",0.497
"1178","CTH","EPHX2",0.453
"1179","CTSB","TIMP1",0.447
"1180","CTSB","PLAT",0.715
"1181","CTSB","SERPINE1",0.725
"1182","CTSB","PXDN",0.519
"1183","CTSB","TLR2",0.463
"1184","CTSB","MMP7",0.629
"1185","CTSB","LUM",0.443
"1186","CTSB","CTSK",0.703
"1187","CTSB","IL18",0.597
"1188","CTSB","CXCL8",0.488
"1189","CTSB","MMP1",0.439
"1190","CTSB","PLAUR",0.466
"1191","CTSB","QPCT",0.482
"1192","CTSB","TREM2",0.434
"1193","CTSB","GPNMB",0.491
"1194","CTSB","SRPX2",0.502
"1195","CTSB","SERPINA1",0.52
"1196","CTSB","FN1",0.528
"1197","CTSB","TGFBI",0.573
"1198","CTSB","TLR7",0.589
"1199","CTSB","S100A10",0.753
"1200","CTSB","PLAU",0.88
"1201","CTSK","DCN",0.546
"1202","CTSK","FAP",0.45
"1203","CTSK","TIMP1",0.425
"1204","CTSK","PCOLCE",0.438
"1205","CTSK","LOX",0.414
"1206","CTSK","SPARC",0.566
"1207","CTSK","PXDN",0.443
"1208","CTSK","SERPINF1",0.412
"1209","CTSK","MMP7",0.628
"1210","CTSK","LUM",0.5
"1211","CTSK","TREM2",0.415
"1212","CTSK","ITGAM",0.427
"1213","CTSK","FCGR3B",0.44
"1214","CTSK","FN1",0.447
"1215","CTSK","THBS2",0.464
"1216","CTSK","MMP1",0.48
"1217","CTSK","TLR7",0.524
"1218","CTSK","DKK1",0.53
"1219","CTSK","GPNMB",0.558
"1220","CTSK","TNFRSF11B",0.615
"1221","CTSK","TNFSF11",0.896
"1222","CXCL14","CXCL6",0.507
"1223","CXCL14","IL1RN",0.511
"1224","CXCL14","CXCL3",0.768
"1225","CXCL14","CXCL8",0.475
"1226","CXCL14","MFAP5",0.429
"1227","CXCL3","CXCL6",0.998
"1228","CXCL3","OAS3",0.476
"1229","CXCL3","IL1RN",0.406
"1230","CXCL3","TLR2",0.43
"1231","CXCL3","IFI6",0.416
"1232","CXCL3","FN1",0.477
"1233","CXCL3","MMP1",0.629
"1234","CXCL3","CXCL8",0.895
"1235","CXCL6","IL18",0.403
"1236","CXCL6","MMP1",0.429
"1237","CXCL6","IL1RN",0.565
"1238","CXCL6","CXCL8",0.868
"1239","CXCL8","SNAI2",0.405
"1240","CXCL8","TIMP1",0.78
"1241","CXCL8","PLAT",0.511
"1242","CXCL8","HGF",0.702
"1243","CXCL8","SERPINE1",0.736
"1244","CXCL8","OAS3",0.523
"1245","CXCL8","HBEGF",0.591
"1246","CXCL8","LOX",0.632
"1247","CXCL8","TNFAIP6",0.933
"1248","CXCL8","PI3",0.533
"1249","CXCL8","TREM1",0.642
"1250","CXCL8","LIF",0.731
"1251","CXCL8","PXDN",0.601
"1252","CXCL8","IL1RN",0.926
"1253","CXCL8","TLR2",0.883
"1254","CXCL8","SULF1",0.446
"1255","CXCL8","MMP7",0.568
"1256","CXCL8","PDGFRB",0.609
"1257","CXCL8","MMP10",0.669
"1258","CXCL8","IL18",0.926
"1259","CXCL8","THY1",0.472
"1260","CXCL8","ENTPD1",0.409
"1261","CXCL8","FCGR2B",0.419
"1262","CXCL8","S100A4",0.428
"1263","CXCL8","IGFBP3",0.43
"1264","CXCL8","NNMT",0.448
"1265","CXCL8","FAS",0.453
"1266","CXCL8","IFIT1",0.479
"1267","CXCL8","TREM2",0.491
"1268","CXCL8","SERPINB2",0.494
"1269","CXCL8","OLR1",0.495
"1270","CXCL8","FCGR1A",0.531
"1271","CXCL8","ISG15",0.537
"1272","CXCL8","THBS4",0.538
"1273","CXCL8","TNFSF11",0.605
"1274","CXCL8","PLAUR",0.643
"1275","CXCL8","TLR7",0.664
"1276","CXCL8","ITGAM",0.681
"1277","CXCL8","FCGR3B",0.685
"1278","CXCL8","IL1R2",0.688
"1279","CXCL8","SERPINA1",0.696
"1280","CXCL8","F3",0.74
"1281","CXCL8","MMP1",0.762
"1282","CXCL8","PLAU",0.765
"1283","CXCL8","FN1",0.846
"1284","DACT1","FZD7",0.589
"1285","DCN","IGFBP3",0.402
"1286","DCN","OLFML1",0.413
"1287","DCN","ISLR",0.417
"1288","DCN","FSTL1",0.419
"1289","DCN","IGFBP7",0.423
"1290","DCN","THY1",0.431
"1291","DCN","OLFML3",0.431
"1292","DCN","LTBP2",0.438
"1293","DCN","SULF1",0.44
"1294","DCN","HTRA1",0.444
"1295","DCN","FAP",0.445
"1296","DCN","TAGLN",0.446
"1297","DCN","LAMA4",0.451
"1298","DCN","NID2",0.453
"1299","DCN","EFEMP1",0.461
"1300","DCN","LOXL1",0.472
"1301","DCN","MFAP5",0.49
"1302","DCN","PLAT",0.513
"1303","DCN","OMD",0.515
"1304","DCN","PRELP",0.517
"1305","DCN","PDGFRB",0.52
"1306","DCN","PCOLCE",0.537
"1307","DCN","LAMA2",0.54
"1308","DCN","THBS4",0.54
"1309","DCN","MMP1",0.569
"1310","DCN","EMILIN1",0.577
"1311","DCN","TIMP1",0.586
"1312","DCN","SERPINF1",0.588
"1313","DCN","MGP",0.597
"1314","DCN","SERPINE1",0.612
"1315","DCN","LOX",0.616
"1316","DCN","TIMP3",0.65
"1317","DCN","SERPINH1",0.673
"1318","DCN","OGN",0.711
"1319","DCN","THBS2",0.72
"1320","DCN","MMP7",0.772
"1321","DCN","TGFBI",0.794
"1322","DCN","HGF",0.837
"1323","DCN","SPARC",0.905
"1324","DCN","FBN1",0.912
"1325","DCN","MFAP2",0.954
"1326","DCN","LUM",0.978
"1327","DCN","VCAN",0.981
"1328","DCN","TLR2",0.99
"1329","DCN","FN1",0.996
"1330","DKK1","SNAI2",0.458
"1331","DKK1","HGF",0.425
"1332","DKK1","TWIST1",0.402
"1333","DKK1","PXDN",0.452
"1334","DKK1","MMP7",0.45
"1335","DKK1","WNT2",0.909
"1336","DKK1","GJA1",0.407
"1337","DKK1","DKK2",0.938
"1338","DKK1","FZD7",0.571
"1339","DKK1","FRZB",0.869
"1340","DKK1","TNFRSF11B",0.48
"1341","DKK1","FN1",0.686
"1342","DKK1","ITGAM",0.512
"1343","DKK1","SFRP4",0.68
"1344","DKK1","TNFSF11",0.767
"1345","DKK1","DKK3",0.949
"1346","DKK2","WNT2",0.894
"1347","DKK2","OLFML1",0.4
"1348","DKK2","FZD7",0.465
"1349","DKK2","SFRP4",0.628
"1350","DKK2","FRZB",0.832
"1351","DKK2","DKK3",0.967
"1352","DKK3","SERPINE1",0.527
"1353","DKK3","PDGFRB",0.505
"1354","DKK3","WNT2",0.481
"1355","DKK3","TIMP3",0.461
"1356","DKK3","FZD7",0.484
"1357","DKK3","FRZB",0.657
"1358","DKK3","IGFBP7",0.453
"1359","DKK3","SFRP4",0.705
"1360","DKK3","TGFBI",0.589
"1361","DPYSL3","PDLIM4",0.748
"1362","DPYSL3","PDLIM3",0.576
"1363","DPYSL3","MAP1B",0.461
"1364","DPYSL3","ROBO1",0.488
"1365","DUSP5","EGR2",0.421
"1366","DUSP5","PHLDA1",0.555
"1367","DUSP5","EGR3",0.447
"1368","EDNRA","PDGFRB",0.599
"1369","EDNRA","EPHX2",0.434
"1370","EFEMP1","TIMP1",0.608
"1371","EFEMP1","MGP",0.447
"1372","EFEMP1","ISLR",0.499
"1373","EFEMP1","MMP7",0.634
"1374","EFEMP1","LOXL1",0.682
"1375","EFEMP1","TIMP3",0.958
"1376","EFEMP1","LUM",0.69
"1377","EFEMP1","FSTL1",0.428
"1378","EFEMP1","FBN1",0.541
"1379","EFEMP1","FN1",0.625
"1380","EFEMP1","MFAP5",0.644
"1381","EFEMP1","THBS2",0.47
"1382","EFEMP1","HTRA1",0.522
"1383","EFEMP1","MFAP2",0.608
"1384","EFEMP1","OGN",0.413
"1385","EFEMP1","TPM2",0.537
"1386","EFS","TGFBI",0.522
"1387","EGR2","LOX",0.485
"1388","EGR2","MDK",0.424
"1389","EGR2","RGS1",0.436
"1390","EGR2","JUNB",0.78
"1391","EGR2","HOXB2",0.783
"1392","EGR2","EGR3",0.987
"1393","EGR3","JUNB",0.752
"1394","EGR3","HOMER1",0.447
"1395","EMILIN1","TIMP1",0.405
"1396","EMILIN1","LAMB1",0.574
"1397","EMILIN1","PCOLCE",0.472
"1398","EMILIN1","LTBP2",0.476
"1399","EMILIN1","TIMP3",0.438
"1400","EMILIN1","FBN1",0.495
"1401","EMILIN1","PLAUR",0.543
"1402","EMILIN1","FN1",0.533
"1403","EMILIN1","PLAU",0.564
"1404","EMILIN1","ITGAM",0.553
"1405","EMILIN1","LAMA2",0.587
"1406","EMP3","LGALS1",0.748
"1407","EMP3","TIMP1",0.466
"1408","EMP3","S100A4",0.409
"1409","EMP3","FXYD5",0.577
"1410","ENTPD1","TLR2",0.479
"1411","ENTPD1","IL18",0.457
"1412","ENTPD1","F3",0.435
"1413","ENTPD1","FCGR2B",0.448
"1414","ENTPD1","FCGR1A",0.481
"1415","ENTPD1","FAS",0.466
"1416","ENTPD1","FCGR3B",0.564
"1417","ENTPD1","ITGAM",0.619
"1418","ENTPD1","PDE1A",0.679
"1419","EPHA3","ISLR",0.417
"1420","EPHA3","ROBO1",0.553
"1421","EPHX2","LOX",0.618
"1422","EPHX2","FMO1",0.428
"1423","EPHX2","PLPPR4",0.751
"1424","F13A1","LAMA4",0.45
"1425","F13A1","PROS1",0.4
"1426","F13A1","THBS2",0.4
"1427","F13A1","ITGAM",0.478
"1428","F13A1","VSIG4",0.479
"1429","F13A1","MNDA",0.504
"1430","F13A1","SERPINE2",0.569
"1431","F13A1","FN1",0.783
"1432","F3","PLAT",0.932
"1433","F3","SERPINE1",0.902
"1434","F3","PXDN",0.409
"1435","F3","SERPINF1",0.662
"1436","F3","TLR2",0.639
"1437","F3","SERPING1",0.521
"1438","F3","IL18",0.449
"1439","F3","OLR1",0.409
"1440","F3","SERPINA1",0.451
"1441","F3","SERPINB2",0.486
"1442","F3","S100A10",0.495
"1443","F3","IGFBP3",0.5
"1444","F3","PROS1",0.609
"1445","F3","ITGAM",0.621
"1446","F3","FN1",0.711
"1447","F3","PLAUR",0.742
"1448","F3","PLAU",0.829
"1449","FAP","PLAUR",0.463
"1450","FAP","LOX",0.474
"1451","FAP","THBS2",0.484
"1452","FAP","S100A4",0.484
"1453","FAP","SULF1",0.495
"1454","FAP","LUM",0.505
"1455","FAP","PDGFRB",0.522
"1456","FAP","MFAP5",0.524
"1457","FAP","PLAU",0.601
"1458","FAP","THY1",0.641
"1459","FAP","FN1",0.705
"1460","FAS","PXDN",0.463
"1461","FAS","IL18",0.42
"1462","FAS","THY1",0.481
"1463","FAS","TNFRSF21",0.507
"1464","FAS","FCGR2B",0.529
"1465","FAS","MSN",0.672
"1466","FAS","TLR7",0.447
"1467","FAS","TGFBI",0.483
"1468","FAS","FCGR3B",0.678
"1469","FAS","ITGAM",0.556
"1470","FBN1","SNAI2",0.612
"1471","FBN1","NID2",0.465
"1472","FBN1","TIMP1",0.519
"1473","FBN1","LAMB1",0.539
"1474","FBN1","PCOLCE",0.444
"1475","FBN1","SERPINE1",0.431
"1476","FBN1","MGP",0.412
"1477","FBN1","LAMA4",0.536
"1478","FBN1","LOX",0.898
"1479","FBN1","SPARC",0.591
"1480","FBN1","PRRX1",0.525
"1481","FBN1","PTGIS",0.458
"1482","FBN1","PXDN",0.426
"1483","FBN1","SULF1",0.408
"1484","FBN1","MMP7",0.543
"1485","FBN1","PDGFRB",0.546
"1486","FBN1","LOXL1",0.888
"1487","FBN1","LTBP2",0.887
"1488","FBN1","VCAN",0.91
"1489","FBN1","TIMP3",0.61
"1490","FBN1","LUM",0.972
"1491","FBN1","FSTL1",0.506
"1492","FBN1","TNFRSF11B",0.411
"1493","FBN1","MMP1",0.683
"1494","FBN1","PRELP",0.424
"1495","FBN1","TGFBI",0.432
"1496","FBN1","OMD",0.468
"1497","FBN1","SERPINH1",0.476
"1498","FBN1","TAGLN",0.481
"1499","FBN1","THBS2",0.494
"1500","FBN1","LAMA2",0.5
"1501","FBN1","TGFB1I1",0.511
"1502","FBN1","OGN",0.525
"1503","FBN1","MFAP5",0.976
"1504","FBN1","FN1",0.982
"1505","FBN1","MFAP2",0.997
"1506","FCGR1A","SERPINE1",0.452
"1507","FCGR1A","TREM1",0.699
"1508","FCGR1A","IL1RN",0.418
"1509","FCGR1A","TLR2",0.632
"1510","FCGR1A","SERPING1",0.401
"1511","FCGR1A","IL18",0.401
"1512","FCGR1A","FN1",0.503
"1513","FCGR1A","FCGR2B",0.838
"1514","FCGR1A","MNDA",0.418
"1515","FCGR1A","VSIG4",0.415
"1516","FCGR1A","TNFSF11",0.527
"1517","FCGR1A","TLR7",0.561
"1518","FCGR1A","TREM2",0.711
"1519","FCGR1A","ITGAM",0.851
"1520","FCGR1A","FCGR3B",0.872
"1521","FCGR1A","FCGR1B",0.999
"1522","FCGR1B","SERPING1",0.418
"1523","FCGR1B","MNDA",0.433
"1524","FCGR2B","PXDN",0.473
"1525","FCGR2B","TLR2",0.727
"1526","FCGR2B","IL18",0.628
"1527","FCGR2B","THY1",0.479
"1528","FCGR2B","FN1",0.584
"1529","FCGR2B","TREM2",0.476
"1530","FCGR2B","MNDA",0.484
"1531","FCGR2B","FCGR3B",0.556
"1532","FCGR2B","TLR7",0.597
"1533","FCGR2B","ITGAM",0.916
"1534","FCGR3B","PLAT",0.511
"1535","FCGR3B","TREM1",0.568
"1536","FCGR3B","PXDN",0.557
"1537","FCGR3B","IL1RN",0.475
"1538","FCGR3B","TLR2",0.673
"1539","FCGR3B","IL18",0.653
"1540","FCGR3B","THY1",0.587
"1541","FCGR3B","IL1R2",0.415
"1542","FCGR3B","FN1",0.638
"1543","FCGR3B","NCF2",0.464
"1544","FCGR3B","MNDA",0.705
"1545","FCGR3B","S100A4",0.572
"1546","FCGR3B","TREM2",0.47
"1547","FCGR3B","TLR7",0.642
"1548","FCGR3B","TNFSF11",0.411
"1549","FCGR3B","SERPINA1",0.578
"1550","FCGR3B","PCSK5",0.581
"1551","FCGR3B","ITGAM",0.959
"1552","FHL2","SERPINE1",0.443
"1553","FHL2","VCAN",0.414
"1554","FHL2","PDLIM3",0.44
"1555","FHL2","S100A10",0.663
"1556","FHL2","IGFBP3",0.476
"1557","FHL2","TAGLN",0.7
"1558","FHL2","NNMT",0.738
"1559","FN1","SNAI2",0.8
"1560","FN1","LGALS1",0.878
"1561","FN1","NID2",0.715
"1562","FN1","TIMP1",0.954
"1563","FN1","PLAT",0.867
"1564","FN1","HGF",0.967
"1565","FN1","LAMB1",0.574
"1566","FN1","PCOLCE",0.64
"1567","FN1","SERPINE1",0.79
"1568","FN1","MGP",0.652
"1569","FN1","LAMA4",0.814
"1570","FN1","HBEGF",0.479
"1571","FN1","LOX",0.931
"1572","FN1","SPARC",0.969
"1573","FN1","TWIST1",0.697
"1574","FN1","TNFAIP6",0.83
"1575","FN1","PI3",0.591
"1576","FN1","LIF",0.5
"1577","FN1","PXDN",0.853
"1578","FN1","SERPINF1",0.846
"1579","FN1","TLR2",0.917
"1580","FN1","MMP7",0.778
"1581","FN1","PDGFRB",0.765
"1582","FN1","LOXL1",0.527
"1583","FN1","LTBP2",0.67
"1584","FN1","LGALS3BP",0.953
"1585","FN1","NOX4",0.54
"1586","FN1","VCAN",0.866
"1587","FN1","TIMP3",0.751
"1588","FN1","LUM",0.962
"1589","FN1","MYL9",0.412
"1590","FN1","MMP10",0.846
"1591","FN1","IL18",0.461
"1592","FN1","GJA1",0.739
"1593","FN1","THY1",0.638
"1594","FN1","FZD7",0.607
"1595","FN1","FSTL1",0.473
"1596","FN1","IGFBP7",0.432
"1597","FN1","MMP1",0.792
"1598","FN1","PLAUR",0.697
"1599","FN1","THBS4",0.605
"1600","FN1","PRELP",0.504
"1601","FN1","TGFB1I1",0.402
"1602","FN1","SERPINB2",0.452
"1603","FN1","HTRA1",0.455
"1604","FN1","TNFSF11",0.457
"1605","FN1","LAMA2",0.471
"1606","FN1","GREM1",0.525
"1607","FN1","SERPINE2",0.53
"1608","FN1","PROS1",0.533
"1609","FN1","SRPX2",0.574
"1610","FN1","TAGLN",0.61
"1611","FN1","S100A4",0.657
"1612","FN1","MFAP2",0.665
"1613","FN1","MSN",0.739
"1614","FN1","SERPINH1",0.74
"1615","FN1","SERPINA1",0.825
"1616","FN1","PLAU",0.838
"1617","FN1","ITGAM",0.853
"1618","FN1","THBS2",0.854
"1619","FN1","IGFBP3",0.967
"1620","FN1","TGFBI",0.995
"1621","FN1","TGM2",0.997
"1622","FOXF1","LAMA4",0.577
"1623","FOXF1","MEOX1",0.426
"1624","FRZB","HGF",0.496
"1625","FRZB","TNFAIP6",0.722
"1626","FRZB","WNT2",0.641
"1627","FRZB","OGN",0.404
"1628","FRZB","TNFSF11",0.598
"1629","FSTL1","SPARC",0.779
"1630","FSTL1","PXDN",0.427
"1631","FSTL1","TLR2",0.963
"1632","FSTL1","THY1",0.641
"1633","FSTL1","SERPINH1",0.41
"1634","FSTL1","SPOCK1",0.433
"1635","FSTL1","TLR7",0.48
"1636","FXYD5","S100A4",0.412
"1637","FXYD5","S100A6",0.411
"1638","FZD7","WNT2",0.955
"1639","FZD7","TGM2",0.44
"1640","FZD7","SFRP4",0.695
"1641","GFPT2","HK1",0.932
"1642","GJA1","SNAI2",0.427
"1643","GJA1","TIMP1",0.582
"1644","GJA1","PLAT",0.504
"1645","GJA1","LOX",0.612
"1646","GJA1","SPARC",0.519
"1647","GJA1","PXDN",0.59
"1648","GJA1","LUM",0.417
"1649","GJA1","TNFSF11",0.405
"1650","GJA1","PROS1",0.411
"1651","GJA1","PFKP",0.431
"1652","GJA1","TAGLN",0.441
"1653","GJA1","THY1",0.523
"1654","GPNMB","LGALS1",0.515
"1655","GPNMB","TIMP1",0.426
"1656","GPNMB","HBEGF",0.778
"1657","GPNMB","SERPINF1",0.493
"1658","GPNMB","S100A6",0.664
"1659","GPNMB","TREM2",0.694
"1660","GPNMB","TGFBI",0.499
"1661","GREM1","MGP",0.419
"1662","GREM1","THBS2",0.405
"1663","GSDME","IL18",0.621
"1664","HBEGF","TIMP1",0.485
"1665","HBEGF","HGF",0.708
"1666","HBEGF","SERPINE1",0.506
"1667","HBEGF","LAMA4",0.446
"1668","HBEGF","LOX",0.4
"1669","HBEGF","LIF",0.444
"1670","HBEGF","NOX4",0.446
"1671","HBEGF","PLAUR",0.47
"1672","HBEGF","PTPN12",0.544
"1673","HBEGF","ITGAM",0.579
"1674","HBEGF","SULF1",0.59
"1675","HBEGF","PDGFRB",0.636
"1676","HBEGF","PLAU",0.65
"1677","HBEGF","MMP7",0.768
"1678","HGF","SNAI2",0.507
"1679","HGF","TIMP1",0.745
"1680","HGF","TNFSF11",0.403
"1681","HGF","LOX",0.419
"1682","HGF","TWIST1",0.435
"1683","HGF","IL1RN",0.436
"1684","HGF","MMP7",0.437
"1685","HGF","PLAUR",0.44
"1686","HGF","LAMB1",0.455
"1687","HGF","LAMA4",0.456
"1688","HGF","SRPX2",0.459
"1689","HGF","SERPINA1",0.463
"1690","HGF","S100A4",0.465
"1691","HGF","LAMA2",0.469
"1692","HGF","ITGAM",0.472
"1693","HGF","PI3",0.511
"1694","HGF","PXDN",0.521
"1695","HGF","VCAN",0.525
"1696","HGF","TIMP3",0.549
"1697","HGF","TNFAIP6",0.57
"1698","HGF","IGFBP3",0.608
"1699","HGF","THY1",0.619
"1700","HGF","IL18",0.623
"1701","HGF","WNT2",0.645
"1702","HGF","MMP1",0.708
"1703","HGF","LIF",0.831
"1704","HGF","SERPINE1",0.832
"1705","HGF","PDGFRB",0.855
"1706","HK1","SLC16A4",0.435
"1707","HK1","PFKP",0.995
"1708","HK1","PFKFB3",0.828
"1709","HOXB2","SNAI2",0.426
"1710","HOXB2","ROBO1",0.496
"1711","HOXB2","MDK",0.55
"1712","HSD11B1","SULF1",0.503
"1713","HTRA1","TIMP3",0.457
"1714","HTRA1","IGFBP4",0.577
"1715","HTRA1","IGFBP7",0.536
"1716","HTRA1","TGFBI",0.56
"1717","ID3","NBL1",0.699
"1718","ID3","RGS1",0.501
"1719","ID3","TCF4",0.906
"1720","IFI16","OAS3",0.552
"1721","IFI16","TLR2",0.463
"1722","IFI16","IL18",0.577
"1723","IFI16","IFITM1",0.558
"1724","IFI16","IFI6",0.571
"1725","IFI16","XAF1",0.459
"1726","IFI16","MNDA",0.401
"1727","IFI16","SPATS2L",0.547
"1728","IFI16","IFI44L",0.565
"1729","IFI16","TLR7",0.593
"1730","IFI16","ISG15",0.632
"1731","IFI16","IFIT1",0.639
"1732","IFI16","IFI44",0.7
"1733","IFI44","OAS3",0.929
"1734","IFI44","LGALS3BP",0.434
"1735","IFI44","SERPING1",0.449
"1736","IFI44","IFITM1",0.742
"1737","IFI44","IFI6",0.959
"1738","IFI44","XAF1",0.97
"1739","IFI44","TLR7",0.427
"1740","IFI44","SPATS2L",0.554
"1741","IFI44","LY6E",0.758
"1742","IFI44","ISG15",0.964
"1743","IFI44","IFIT1",0.974
"1744","IFI44","IFI44L",0.999
"1745","IFI44L","OAS3",0.922
"1746","IFI44L","SERPING1",0.497
"1747","IFI44L","IFITM1",0.795
"1748","IFI44L","IFI6",0.968
"1749","IFI44L","XAF1",0.981
"1750","IFI44L","SPATS2L",0.554
"1751","IFI44L","LY6E",0.837
"1752","IFI44L","ISG15",0.963
"1753","IFI44L","IFIT1",0.967
"1754","IFI6","OAS3",0.946
"1755","IFI6","LGALS3BP",0.454
"1756","IFI6","SERPING1",0.446
"1757","IFI6","IFITM1",0.891
"1758","IFI6","SPATS2L",0.435
"1759","IFI6","SERPINA1",0.463
"1760","IFI6","LY6E",0.832
"1761","IFI6","IFIT1",0.932
"1762","IFI6","XAF1",0.937
"1763","IFI6","ISG15",0.959
"1764","IFIT1","OAS3",0.965
"1765","IFIT1","TLR2",0.429
"1766","IFIT1","SERPING1",0.428
"1767","IFIT1","IFITM1",0.877
"1768","IFIT1","XAF1",0.92
"1769","IFIT1","TAGLN",0.405
"1770","IFIT1","SPATS2L",0.433
"1771","IFIT1","TLR7",0.619
"1772","IFIT1","LY6E",0.67
"1773","IFIT1","ISG15",0.993
"1774","IFITM1","OAS3",0.674
"1775","IFITM1","SERPING1",0.424
"1776","IFITM1","LY6E",0.614
"1777","IFITM1","XAF1",0.666
"1778","IFITM1","ISG15",0.903
"1779","IGFBP3","SNAI2",0.574
"1780","IGFBP3","TIMP1",0.616
"1781","IGFBP3","SERPINE1",0.596
"1782","IGFBP3","LOX",0.45
"1783","IGFBP3","PXDN",0.428
"1784","IGFBP3","VCAN",0.52
"1785","IGFBP3","TIMP3",0.461
"1786","IGFBP3","LUM",0.423
"1787","IGFBP3","IGFBP4",0.497
"1788","IGFBP3","IL18",0.483
"1789","IGFBP3","IGFBP7",0.764
"1790","IGFBP3","MMP1",0.76
"1791","IGFBP3","IL1R2",0.456
"1792","IGFBP3","PLAUR",0.547
"1793","IGFBP3","THBS2",0.442
"1794","IGFBP3","PLAU",0.494
"1795","IGFBP3","TGFBI",0.488
"1796","IGFBP4","IL1RN",0.537
"1797","IGFBP4","STC2",0.507
"1798","IGFBP4","IGFBP7",0.611
"1799","IGFBP7","TIMP1",0.443
"1800","IGFBP7","PCOLCE",0.55
"1801","IGFBP7","SERPINE1",0.441
"1802","IGFBP7","MGP",0.448
"1803","IGFBP7","SPARC",0.559
"1804","IGFBP7","PDGFRB",0.455
"1805","IGFBP7","WNT2",0.493
"1806","IGFBP7","TIMP3",0.415
"1807","IGFBP7","LUM",0.475
"1808","IGFBP7","IL18",0.447
"1809","IGFBP7","TGFBI",0.435
"1810","IL18","TIMP1",0.485
"1811","IL18","SERPINE1",0.48
"1812","IL18","TREM1",0.408
"1813","IL18","LIF",0.612
"1814","IL18","PXDN",0.507
"1815","IL18","IL1RN",0.779
"1816","IL18","TLR2",0.847
"1817","IL18","NOX4",0.451
"1818","IL18","ISG15",0.402
"1819","IL18","MMP1",0.435
"1820","IL18","TREM2",0.528
"1821","IL18","ITGAM",0.632
"1822","IL18","TNFSF11",0.678
"1823","IL18","TLR7",0.685
"1824","IL18","IL1R2",0.693
"1825","IL1R2","TIMP1",0.465
"1826","IL1R2","TREM1",0.412
"1827","IL1R2","IL1RN",0.995
"1828","IL1R2","TLR2",0.68
"1829","IL1R2","THBS4",0.46
"1830","IL1RN","TIMP1",0.439
"1831","IL1RN","SERPINE1",0.457
"1832","IL1RN","TNFAIP6",0.557
"1833","IL1RN","TREM1",0.651
"1834","IL1RN","OLR1",0.411
"1835","IL1RN","MMP7",0.458
"1836","IL1RN","PLAUR",0.467
"1837","IL1RN","PLAU",0.47
"1838","IL1RN","ITGAM",0.484
"1839","IL1RN","SERPINA1",0.568
"1840","IL1RN","TLR2",0.578
"1841","IL1RN","MMP1",0.613
"1842","ISG15","OAS3",0.941
"1843","ISG15","TLR2",0.449
"1844","ISG15","LGALS3BP",0.408
"1845","ISG15","XAF1",0.891
"1846","ISG15","TLR7",0.631
"1847","ISG15","LY6E",0.775
"1848","ISG15","SPATS2L",0.453
"1849","ISLR","MMP7",0.423
"1850","ISLR","OLFML2B",0.432
"1851","ISLR","PDGFRB",0.44
"1852","ISLR","MXRA8",0.447
"1853","ISLR","LUM",0.46
"1854","ITGAM","TIMP1",0.437
"1855","ITGAM","SERPINE1",0.499
"1856","ITGAM","LOX",0.669
"1857","ITGAM","TNFAIP6",0.428
"1858","ITGAM","TREM1",0.533
"1859","ITGAM","PXDN",0.634
"1860","ITGAM","TLR2",0.893
"1861","ITGAM","PDGFRB",0.483
"1862","ITGAM","LGALS3BP",0.449
"1863","ITGAM","LUM",0.554
"1864","ITGAM","THY1",0.998
"1865","ITGAM","OLR1",0.459
"1866","ITGAM","PLAUR",0.853
"1867","ITGAM","NCF2",0.601
"1868","ITGAM","MNDA",0.538
"1869","ITGAM","S100A4",0.423
"1870","ITGAM","TREM2",0.629
"1871","ITGAM","VSIG4",0.531
"1872","ITGAM","TLR7",0.807
"1873","ITGAM","TNFSF11",0.549
"1874","ITGAM","SERPINA1",0.534
"1875","JUNB","TWIST1",0.477
"1876","KLF7","LIF",0.418
"1877","KLF7","PLAUR",0.436
"1878","LAMA2","NID2",0.843
"1879","LAMA2","LAMB1",0.965
"1880","LAMA2","LAMA4",0.768
"1881","LAMA2","LUM",0.464
"1882","LAMA2","PLAUR",0.572
"1883","LAMA2","THBS4",0.541
"1884","LAMA2","THBS2",0.617
"1885","LAMA2","PLAU",0.554
"1886","LAMA2","OGN",0.432
"1887","LAMA2","SPOCK1",0.449
"1888","LAMA4","NID2",0.896
"1889","LAMA4","PLAT",0.467
"1890","LAMA4","LAMB1",0.992
"1891","LAMA4","PCOLCE",0.491
"1892","LAMA4","TIMP3",0.405
"1893","LAMA4","SPARC",0.437
"1894","LAMA4","LUM",0.476
"1895","LAMA4","MMP7",0.49
"1896","LAMA4","PLAU",0.493
"1897","LAMA4","MMP1",0.617
"1898","LAMA4","THBS2",0.662
"1899","LAMB1","NID2",0.928
"1900","LAMB1","THBS2",0.416
"1901","LAMB1","SPARC",0.445
"1902","LAMB1","LUM",0.486
"1903","LAMB1","PLAUR",0.575
"1904","LAMB1","PLAU",0.628
"1905","LGALS1","SERPINH1",0.451
"1906","LGALS1","LOX",0.515
"1907","LGALS1","TIMP1",0.517
"1908","LGALS1","S100A10",0.59
"1909","LGALS1","S100A11",0.612
"1910","LGALS1","S100A6",0.628
"1911","LGALS1","LUM",0.713
"1912","LGALS1","S100A4",0.737
"1913","LGALS1","LGALS3BP",0.826
"1914","LGALS3BP","TIMP1",0.558
"1915","LGALS3BP","LTBP2",0.431
"1916","LGALS3BP","SERPING1",0.416
"1917","LGALS3BP","TIMP3",0.467
"1918","LGALS3BP","LY6E",0.502
"1919","LGALS3BP","LUM",0.519
"1920","LIF","TIMP1",0.598
"1921","LIF","PXDN",0.418
"1922","LIF","MMP1",0.548
"1923","LIF","PDGFRB",0.736
"1924","LIPG","LOX",0.447
"1925","LIPG","PFKP",0.41
"1926","LIPG","PCSK5",0.499
"1927","LOX","SNAI2",0.588
"1928","LOX","TIMP1",0.649
"1929","LOX","PCOLCE",0.649
"1930","LOX","SERPINE1",0.573
"1931","LOX","NOX4",0.404
"1932","LOX","THY1",0.414
"1933","LOX","PLAU",0.42
"1934","LOX","TGFBI",0.451
"1935","LOX","PFKP",0.453
"1936","LOX","S100A4",0.469
"1937","LOX","PDGFRB",0.485
"1938","LOX","TAGLN",0.485
"1939","LOX","TWIST1",0.491
"1940","LOX","PRRX1",0.501
"1941","LOX","LTBP2",0.51
"1942","LOX","MMP1",0.517
"1943","LOX","PTGIS",0.521
"1944","LOX","TIMP3",0.542
"1945","LOX","THBS2",0.546
"1946","LOX","SPARC",0.55
"1947","LOX","SERPINH1",0.564
"1948","LOX","LUM",0.598
"1949","LOX","PXDN",0.62
"1950","LOX","TGM2",0.659
"1951","LOX","LOXL1",0.661
"1952","LOX","MFAP5",0.704
"1953","LOX","OLR1",0.762
"1954","LOX","MFAP2",0.882
"1955","LOXL1","SNAI2",0.511
"1956","LOXL1","NID2",0.436
"1957","LOXL1","TIMP1",0.478
"1958","LOXL1","PCOLCE",0.672
"1959","LOXL1","SPARC",0.542
"1960","LOXL1","TGM2",0.409
"1961","LOXL1","THBS2",0.437
"1962","LOXL1","SERPINH1",0.463
"1963","LOXL1","TIMP3",0.479
"1964","LOXL1","LUM",0.513
"1965","LOXL1","MFAP5",0.756
"1966","LOXL1","LTBP2",0.852
"1967","LOXL1","MFAP2",0.877
"1968","LTBP2","TIMP1",0.562
"1969","LTBP2","LUM",0.4
"1970","LTBP2","THBS2",0.434
"1971","LTBP2","TIMP3",0.477
"1972","LTBP2","TGFB1I1",0.478
"1973","LTBP2","TGFBI",0.505
"1974","LTBP2","MFAP5",0.659
"1975","LTBP2","MFAP2",0.679
"1976","LUM","SNAI2",0.417
"1977","LUM","NID2",0.518
"1978","LUM","MXRA5",0.439
"1979","LUM","TIMP1",0.659
"1980","LUM","PLAT",0.414
"1981","LUM","PCOLCE",0.582
"1982","LUM","MGP",0.498
"1983","LUM","SPARC",0.954
"1984","LUM","PRRX1",0.448
"1985","LUM","SERPINF1",0.488
"1986","LUM","SULF1",0.529
"1987","LUM","PDGFRB",0.494
"1988","LUM","VCAN",0.71
"1989","LUM","TIMP3",0.563
"1990","LUM","MOXD1",0.454
"1991","LUM","S100A10",0.477
"1992","LUM","THBS4",0.497
"1993","LUM","MFAP5",0.502
"1994","LUM","MMP1",0.512
"1995","LUM","TAGLN",0.554
"1996","LUM","MFAP2",0.569
"1997","LUM","TGFBI",0.574
"1998","LUM","SERPINH1",0.652
"1999","LUM","OMD",0.742
"2000","LUM","PRELP",0.771
"2001","LUM","THBS2",0.826
"2002","LUM","OGN",0.859
"2003","LY6E","OAS3",0.74
"2004","LY6E","SERPING1",0.423
"2005","LY6E","XAF1",0.617
"2006","LY6E","SPATS2L",0.495
"2007","MAP1B","PXDN",0.515
"2008","MDK","TIMP1",0.47
"2009","MDK","NOX4",0.566
"2010","MDK","ROBO1",0.573
"2011","MEOX1","MEOX2",0.83
"2012","MFAP2","NID2",0.44
"2013","MFAP2","VCAN",0.427
"2014","MFAP2","MFAP5",0.943
"2015","MFAP5","MGP",0.509
"2016","MFAP5","SULF1",0.417
"2017","MFAP5","S100A4",0.401
"2018","MFAP5","SFRP4",0.489
"2019","MGP","OMD",0.407
"2020","MGP","STC2",0.416
"2021","MGP","TGFBI",0.45
"2022","MGP","OGN",0.496
"2023","MGP","TNFSF11",0.499
"2024","MGP","TAGLN",0.612
"2025","MGP","SPARC",0.652
"2026","MGP","PROS1",0.88
"2027","MMP1","SNAI2",0.449
"2028","MMP1","TIMP1",0.999
"2029","MMP1","PLAT",0.661
"2030","MMP1","SERPINE1",0.773
"2031","MMP1","SPARC",0.5
"2032","MMP1","TWIST1",0.415
"2033","MMP1","TNFAIP6",0.411
"2034","MMP1","PXDN",0.483
"2035","MMP1","TLR2",0.415
"2036","MMP1","MMP7",0.878
"2037","MMP1","NOX4",0.54
"2038","MMP1","VCAN",0.629
"2039","MMP1","TIMP3",0.749
"2040","MMP1","MMP10",0.789
"2041","MMP1","TPSAB1",0.449
"2042","MMP1","SERPINB2",0.459
"2043","MMP1","SPOCK1",0.492
"2044","MMP1","THBS2",0.602
"2045","MMP1","PLAUR",0.679
"2046","MMP1","TNFSF11",0.699
"2047","MMP1","SERPINH1",0.711
"2048","MMP1","PLAU",0.852
"2049","MMP10","TIMP1",0.988
"2050","MMP10","SERPINE1",0.674
"2051","MMP10","MMP7",0.85
"2052","MMP10","TIMP3",0.676
"2053","MMP10","SERPINH1",0.47
"2054","MMP10","SERPINA1",0.506
"2055","MMP10","PLAU",0.615
"2056","MMP7","SNAI2",0.505
"2057","MMP7","TIMP1",0.925
"2058","MMP7","SERPINE1",0.787
"2059","MMP7","PXDN",0.469
"2060","MMP7","PLAUR",0.453
"2061","MMP7","SFRP4",0.569
"2062","MMP7","PLAU",0.746
"2063","MMP7","TIMP3",0.922
"2064","MNDA","TREM1",0.472
"2065","MNDA","TLR2",0.455
"2066","MNDA","NCF2",0.811
"2067","MSN","VCAN",0.435
"2068","MSN","NCF2",0.493
"2069","MXRA5","PCOLCE",0.426
"2070","MXRA5","OLFML2B",0.484
"2071","MXRA5","SULF1",0.496
"2072","MXRA5","THBS2",0.562
"2073","MXRA8","PCOLCE",0.473
"2074","MYL9","SPARC",0.453
"2075","MYL9","PDGFRB",0.408
"2076","MYL9","RGS1",0.402
"2077","MYL9","RND3",0.404
"2078","MYL9","TGFB1I1",0.563
"2079","MYL9","TPM2",0.866
"2080","MYL9","TAGLN",0.929
"2081","MYOF","SERPING1",0.438
"2082","NCF2","TREM1",0.406
"2083","NCF2","PXDN",0.44
"2084","NCF2","TLR2",0.643
"2085","NCF2","NOX4",0.998
"2086","NCF2","RAP2B",0.904
"2087","NCF2","TPSAB1",0.464
"2088","NCF2","VSIG4",0.506
"2089","NID2","THBS2",0.405
"2090","NID2","TIMP3",0.407
"2091","NID2","PDGFRB",0.421
"2092","NID2","TWIST1",0.436
"2093","NID2","SPARC",0.445
"2094","NID2","TIMP1",0.458
"2095","NNMT","SERPINE1",0.413
"2096","NNMT","S100A10",0.678
"2097","NNMT","TAGLN",0.556
"2098","NOX4","SERPINE1",0.481
"2099","NOX4","PTGIS",0.465
"2100","NOX4","PXDN",0.591
"2101","NOX4","OLR1",0.429
"2102","NOX4","TAGLN",0.514
"2103","NREP","PLXDC2",0.419
"2104","NUAK1","PDGFRB",0.423
"2105","OAS3","SERPING1",0.406
"2106","OAS3","SPATS2L",0.578
"2107","OAS3","TLR7",0.657
"2108","OAS3","XAF1",0.881
"2109","OGN","PCOLCE",0.474
"2110","OGN","SPARC",0.476
"2111","OGN","VCAN",0.729
"2112","OGN","OLFML3",0.481
"2113","OGN","THBS4",0.48
"2114","OGN","PRELP",0.8
"2115","OGN","OMD",0.946
"2116","OGN","TNFSF11",0.497
"2117","OGN","SFRP4",0.508
"2118","OLFML1","SRPX2",0.423
"2119","OLFML2B","THBS2",0.401
"2120","OLFML2B","SERPINH1",0.42
"2121","OLFML3","TREM2",0.516
"2122","OLR1","SERPINE1",0.435
"2123","OLR1","TLR2",0.508
"2124","OLR1","TREM2",0.44
"2125","OMD","SPARC",0.66
"2126","OMD","THBS4",0.421
"2127","OMD","PRELP",0.814
"2128","PCOLCE","TIMP1",0.4
"2129","PCOLCE","SERPINA1",0.401
"2130","PCOLCE","THBS2",0.415
"2131","PCOLCE","PRELP",0.441
"2132","PCOLCE","TGFBI",0.447
"2133","PCOLCE","SPARC",0.508
"2134","PCOLCE","SERPINH1",0.688
"2135","PDGFRB","SNAI2",0.478
"2136","PDGFRB","TIMP1",0.453
"2137","PDGFRB","SERPINE1",0.405
"2138","PDGFRB","SPARC",0.469
"2139","PDGFRB","PRRX1",0.496
"2140","PDGFRB","TWIST1",0.456
"2141","PDGFRB","PTPN12",0.798
"2142","PDGFRB","PXDN",0.549
"2143","PDGFRB","SERPINF1",0.472
"2144","PDGFRB","WNT2",0.428
"2145","PDGFRB","TIMP3",0.431
"2146","PDGFRB","THBS2",0.449
"2147","PDGFRB","TPM2",0.48
"2148","PDGFRB","S100A4",0.55
"2149","PDGFRB","PLAUR",0.564
"2150","PDGFRB","PLCB4",0.665
"2151","PDGFRB","TAGLN",0.767
"2152","PDGFRB","THY1",0.801
"2153","PDK4","PFKFB3",0.485
"2154","PDLIM3","PDLIM4",0.68
"2155","PDLIM3","TPM2",0.442
"2156","PFKFB3","SLC16A4",0.6
"2157","PFKFB3","PFKP",0.973
"2158","PFKP","SLC16A4",0.404
"2159","PI3","SERPINA1",0.498
"2160","PLAT","TIMP1",0.562
"2161","PLAT","TIMP3",0.431
"2162","PLAT","TAGLN",0.474
"2163","PLAT","SERPINA1",0.481
"2164","PLAT","PXDN",0.507
"2165","PLAT","SERPING1",0.681
"2166","PLAT","SERPINF1",0.818
"2167","PLAT","PLAU",0.837
"2168","PLAT","PLAUR",0.851
"2169","PLAT","SERPINE2",0.878
"2170","PLAT","S100A10",0.987
"2171","PLAT","SERPINB2",0.989
"2172","PLAT","SERPINE1",0.999
"2173","PLAU","SNAI2",0.45
"2174","PLAU","TIMP1",0.686
"2175","PLAU","SERPINE1",0.999
"2176","PLAU","SPARC",0.572
"2177","PLAU","PXDN",0.475
"2178","PLAU","SERPINF1",0.665
"2179","PLAU","TIMP3",0.444
"2180","PLAU","SERPING1",0.401
"2181","PLAU","PLAUR",0.999
"2182","PLAU","THBS2",0.467
"2183","PLAU","S100A10",0.624
"2184","PLAU","SRPX2",0.741
"2185","PLAU","SERPINE2",0.946
"2186","PLAU","SERPINB2",0.986
"2187","PLAUR","TIMP1",0.768
"2188","PLAUR","SERPINE1",0.994
"2189","PLAUR","TREM1",0.468
"2190","PLAUR","PXDN",0.513
"2191","PLAUR","SERPINF1",0.447
"2192","PLAUR","VCAN",0.488
"2193","PLAUR","SERPINA1",0.428
"2194","PLAUR","SPOCK1",0.446
"2195","PLAUR","S100A10",0.474
"2196","PLAUR","SERPINE2",0.735
"2197","PLAUR","SRPX2",0.88
"2198","PLAUR","SERPINB2",0.938
"2199","PLXDC2","SERPINF1",0.609
"2200","PRELP","SPARC",0.413
"2201","PRELP","THBS2",0.607
"2202","PROS1","SERPINE1",0.475
"2203","PROS1","SPARC",0.425
"2204","PROS1","TREM2",0.451
"2205","PRRX1","SNAI2",0.603
"2206","PRRX1","THBS2",0.425
"2207","PRRX1","TWIST1",0.794
"2208","PTPN12","TGFB1I1",0.751
"2209","PXDN","SNAI2",0.633
"2210","PXDN","TIMP1",0.532
"2211","PXDN","SERPINE1",0.553
"2212","PXDN","SPARC",0.453
"2213","PXDN","TWIST1",0.501
"2214","PXDN","TIMP3",0.421
"2215","PXDN","TAGLN",0.431
"2216","PXDN","SERPINH1",0.443
"2217","PXDN","S100A2",0.459
"2218","PXDN","SERPINA1",0.468
"2219","PXDN","S100A4",0.474
"2220","PXDN","SPON1",0.477
"2221","PXDN","TNFSF11",0.552
"2222","PXDN","THY1",0.621
"2223","RASAL2","RND3",0.627
"2224","RGS1","RGS4",0.599
"2225","RNF186","SLC25A45",0.415
"2226","S100A10","S100A11",0.716
"2227","S100A10","S100A4",0.758
"2228","S100A10","S100A6",0.972
"2229","S100A10","TAGLN",0.559
"2230","S100A11","TIMP1",0.446
"2231","S100A11","S100A4",0.509
"2232","S100A11","S100A6",0.706
"2233","S100A2","SERPINA1",0.512
"2234","S100A4","SNAI2",0.557
"2235","S100A4","TIMP1",0.502
"2236","S100A4","SERPINE1",0.409
"2237","S100A4","TWIST1",0.637
"2238","S100A4","THY1",0.512
"2239","S100A4","TGM2",0.533
"2240","S100A4","TGFBI",0.41
"2241","S100A4","TAGLN",0.554
"2242","S100A4","S100A6",0.755
"2243","S100A6","TIMP1",0.401
"2244","SERPINA1","TIMP1",0.692
"2245","SERPINA1","SERPINF1",0.744
"2246","SERPINA1","SERPING1",0.583
"2247","SERPINA1","TDO2",0.46
"2248","SERPINB2","TIMP1",0.423
"2249","SERPINB2","SERPINE1",0.958
"2250","SERPINB2","SLC20A1",0.589
"2251","SERPINE1","SNAI2",0.523
"2252","SERPINE1","TIMP1",0.84
"2253","SERPINE1","TGM2",0.41
"2254","SERPINE1","SPARC",0.417
"2255","SERPINE1","SERPINF1",0.426
"2256","SERPINE1","TAGLN",0.479
"2257","SERPINE1","SERPINE2",0.503
"2258","SERPINE1","TIMP3",0.516
"2259","SERPINE1","THBS2",0.547
"2260","SERPINE1","VCAN",0.553
"2261","SERPINE1","SERPING1",0.557
"2262","SERPINE1","TGFBI",0.689
"2263","SERPINE2","TIMP1",0.453
"2264","SERPINF1","TIMP1",0.609
"2265","SERPINF1","SPARC",0.43
"2266","SERPINF1","SERPING1",0.411
"2267","SERPINF1","TGFBI",0.436
"2268","SERPINF1","THBS2",0.495
"2269","SERPINF1","TIMP3",0.674
"2270","SERPING1","XAF1",0.498
"2271","SERPING1","VSIG4",0.517
"2272","SERPINH1","TIMP1",0.492
"2273","SERPINH1","SPARC",0.634
"2274","SERPINH1","THBS2",0.59
"2275","SERPINH1","SRPX2",0.415
"2276","SERPINH1","TAGLN",0.469
"2277","SFRP4","TNFAIP6",0.491
"2278","SFRP4","SULF1",0.47
"2279","SFRP4","WNT2",0.9
"2280","SFRP4","THBS4",0.47
"2281","SFRP4","THBS2",0.444
"2282","SNAI2","TIMP3",0.404
"2283","SNAI2","TCF4",0.407
"2284","SNAI2","THY1",0.408
"2285","SNAI2","TPM2",0.414
"2286","SNAI2","SPARC",0.456
"2287","SNAI2","TWIST1",0.952
"2288","SPARC","TIMP1",0.529
"2289","SPARC","THBS4",0.402
"2290","SPARC","TGFB1I1",0.423
"2291","SPARC","TAGLN",0.445
"2292","SPARC","VCAN",0.469
"2293","SPARC","TNFSF11",0.545
"2294","SPARC","THY1",0.545
"2295","SPARC","TIMP3",0.575
"2296","SPARC","TGFBI",0.609
"2297","SPARC","THBS2",0.735
"2298","SPARC","SPOCK1",0.891
"2299","SPOCK1","THBS2",0.476
"2300","SULF1","VCAN",0.422
"2301","SULF1","THBS2",0.652
"2302","TAGLN","VCAN",0.401
"2303","TAGLN","TIMP3",0.565
"2304","TAGLN","THY1",0.648
"2305","TAGLN","TGFBI",0.403
"2306","TAGLN","TGFB1I1",0.477
"2307","TAGLN","TPM2",0.724
"2308","TCF4","TWIST1",0.892
"2309","TCF4","THY1",0.452
"2310","TCF4","TLR7",0.522
"2311","TGFBI","TIMP1",0.491
"2312","TGFBI","VCAN",0.512
"2313","TGFBI","THBS2",0.433
"2314","THBS2","TIMP1",0.561
"2315","THBS2","TNFAIP6",0.491
"2316","THBS2","VCAN",0.636
"2317","THBS2","TIMP3",0.538
"2318","THBS2","THY1",0.481
"2319","THBS2","THBS4",0.519
"2320","THY1","TIMP1",0.632
"2321","THY1","TNFAIP6",0.481
"2322","TIMP1","TREM1",0.415
"2323","TIMP1","TLR2",0.426
"2324","TIMP1","TNFAIP6",0.443
"2325","TIMP1","VCAN",0.496
"2326","TIMP1","TIMP3",0.689
"2327","TLR2","TNFAIP6",0.677
"2328","TLR2","TREM1",0.677
"2329","TLR2","TNFSF11",0.506
"2330","TLR2","TREM2",0.525
"2331","TLR2","TLR7",0.634
"2332","TLR2","VCAN",0.923
"2333","TNFAIP6","TNFSF11",0.521
"2334","TNFAIP6","VCAN",0.799
"2335","TNFRSF11B","TNFSF11",0.999
"2336","TNFSF11","TREM2",0.419
"2337","TPSAB1","TPSB2",0.999
"2338","TREM1","TREM2",0.987
"2339","TREM2","VSIG4",0.61
