"genes"	"modules"
"COL1A1"	"M11"
"COX6C"	"M2"
"SEPP1"	"M1"
"MGP"	"M1"
"LGALS1"	"M1"
"COL6A3"	"M11"
"HLA-DPA1"	"M4"
"IGHG1 /// IGHG2 /// IGHM /// IGHV4-31 /// MIR8071-1 /// MIR8071-2"	"M12"
"EPCAM"	"M5"
"HLA-DRB1 /// HLA-DRB1"	"M4"
"CEBPD"	"M1"
"IER3"	"M5"
"HLA-DQB1 /// HLA-DRB1 /// HLA-DRB4 /// HLA-DRB5 /// LOC100996809 /// LOC101060835"	"M4"
"COL3A1"	"M11"
"CTSB"	"M9"
"HSPB1"	"M2"
"HLA-DRB1 /// HLA-DRB4 /// LOC100996809"	"M4"
"ATP1B1"	"M5"
"KRT19"	"M5"
"CTHRC1"	"M11"
"AZGP1"	"M2"
"LUM"	"M11"
"DUSP1"	"M1"
"C3"	"M9"
"IRX3"	"M5"
"SLC40A1"	"M3"
"RASEF"	"M7"
"DCN"	"M1"
"TM4SF1"	"M6"
"ISG15"	"M10"
"AHNAK"	"M1"
"LDHB"	"M1"
"IFI6"	"M10"
"SPINT2"	"M5"
"IGLC1"	"M12"
"TUBB2A"	"M1"
"KRT18"	"M5"
"S100A4"	"M1"
"IGH /// IGHA1 /// IGHA2"	"M12"
"COL5A2"	"M11"
"PAM"	"M1"
"MAGED1"	"M8"
"CYB5A"	"M1"
"CD24"	"M1"
"HLA-DQB1 /// HLA-DRB1 /// HLA-DRB3 /// HLA-DRB4 /// LOC100996809 /// LOC101060835"	"M4"
"KRT8"	"M5"
"MIEN1"	"M5"
"CFD"	"M1"
"COL4A2"	"M1"
"S100A6"	"M1"
"TBC1D9"	"M2"
"CRIP1"	"M2"
"SERPINA3"	"M5"
"NFIB"	"M6"
"XBP1"	"M2"
"CD9"	"M8"
"TSPO"	"M7"
"GJA1"	"M1"
"PRDX4"	"M7"
"MT1X"	"M1"
"LOC101060275 /// LOC101929910 /// LOC613037 /// NPIPA5 /// NPIPB11 /// NPIPB3 /// NPIPB4 /// NPIPB5"	"M1"
"GUSBP11"	"M12"
"TRPS1"	"M5"
"HLA-DPB1"	"M4"
"DSP"	"M5"
"LOC102725188 /// LOC727820"	"M1"
"HLA-B"	"M10"
"NME1"	"M3"
"MXRA5"	"M11"
"IFI30 /// PIK3R2"	"M4"
"PRDX3"	"M7"
"MUCL1"	"M2"
"APOC1"	"M4"
"SLC38A1"	"M1"
"TIMP1"	"M8"
"MGST3"	"M7"
"PFN2"	"M8"
"CXCL14"	"M1"
"PROM2"	"M5"
"GSTM3"	"M2"
"COL12A1"	"M11"
"PIP"	"M2"
"DLG5"	"M2"
"EPAS1"	"M1"
"TPBG"	"M5"
"TFAP2A"	"M5"
"HIST1H1C"	"M7"
"XIST"	"M7"
"METTL7A"	"M1"
"AEBP1"	"M11"
"SPARCL1"	"M1"
"UGDH"	"M2"
"HEBP2"	"M1"
"PXDN"	"M1"
"PFKFB3"	"M1"
"HIST1H2BK"	"M3"
"ARMCX1"	"M1"
"HTRA1"	"M11"
"S100A16"	"M8"
"DHCR24"	"M2"
"IFITM1 /// IFITM2"	"M10"
"MARCKSL1"	"M1"
"CSTA"	"M1"
"ALDH2"	"M1"
"HEBP1"	"M2"
"CKS2"	"M3"
"NDRG1"	"M6"
"PYCARD"	"M8"
"ANXA1"	"M1"
"MAL2"	"M5"
"CRABP2"	"M5"
"THBS2"	"M11"
"PHB"	"M7"
"SDC4"	"M5"
"ANKRD36B"	"M1"
"PLS3"	"M1"
"CYC1"	"M7"
"EFHD1"	"M5"
"TUBB6"	"M1"
"CXXC5"	"M2"
"TWIST1"	"M1"
"CYR61"	"M1"
"EFNA1"	"M5"
"ANK3"	"M1"
"MXRA7"	"M1"
"UGP2"	"M1"
"MAGED2"	"M2"
"FAT1"	"M1"
"GATA3"	"M2"
"PLIN2"	"M1"
"ARHGEF6"	"M1"
"TMED3"	"M5"
"FSTL1"	"M1"
"UTP18"	"M8"
"MREG"	"M2"
"DCXR"	"M7"
"SLC9A3R1"	"M5"
"LGALS3BP"	"M7"
"MT1E"	"M1"
"MLPH"	"M2"
"ADI1"	"M1"
"C11orf96"	"M1"
"ASPN"	"M11"
"MYO6"	"M1"
"DUSP6"	"M1"
"BLVRB"	"M7"
"BST2"	"M10"
"UBE2L6"	"M10"
"SH3BP4"	"M2"
"SERPINF1"	"M1"
"RAB31"	"M1"
"LOC100272216"	"M1"
"AZGP1 /// AZGP1P1"	"M2"
"LTF"	"M1"
"CMBL"	"M2"
"BGN"	"M1"
"AGR2"	"M2"
"SYNM"	"M1"
"PLP2"	"M8"
"WBP5"	"M1"
"IL1R1"	"M1"
"PLK2"	"M2"
"FABP5"	"M1"
"TCEA3"	"M2"
"ACSL1"	"M1"
"TFRC"	"M8"
"RARRES2"	"M1"
"CTSK"	"M11"
"ATP6V0B"	"M8"
"FAM84B"	"M5"
"PSMD8"	"M7"
"DLD"	"M1"
"CMPK2"	"M10"
"PHYH"	"M1"
"ESR1"	"M2"
"IGFBP3"	"M1"
"VCAM1"	"M4"
"GLUL"	"M1"
"SERINC1"	"M1"
"SLC19A2"	"M2"
"EVL"	"M2"
"HSP90AB1"	"M8"
"NFKBIZ"	"M4"
"SELM"	"M7"
"FAM213A"	"M1"
"HLA-DRA"	"M4"
"GBP1"	"M10"
"LGMN"	"M9"
"AGL"	"M2"
"TXNIP"	"M1"
"C6orf211"	"M2"
"CTSC"	"M9"
"SERPING1"	"M1"
"IGLL3P"	"M12"
"ATP9A"	"M1"
"CCND1"	"M2"
"ATP6AP1"	"M8"
"TPD52L1"	"M8"
"MX1"	"M10"
"ZNF703"	"M2"
"ISOC1"	"M1"
"LIPA"	"M9"
"RABAC1"	"M7"
"GNG11"	"M1"
"IDH1"	"M1"
"ADM"	"M1"
"KDELR3"	"M1"
"COL6A2"	"M11"
"ERRFI1"	"M1"
"C4orf32"	"M2"
"SCD"	"M1"
"PRKACB"	"M1"
"ADD3"	"M1"
"TST"	"M1"
"TRIP6"	"M8"
"RRM2"	"M3"
"AUTS2"	"M1"
"C3orf14"	"M5"
"ASS1"	"M6"
"CYBA"	"M9"
"MARVELD2"	"M5"
"CRIM1 /// LOC101929500"	"M1"
"DBNDD2 /// SYS1 /// SYS1-DBNDD2"	"M2"
"PIK3R3"	"M5"
"ADIPOR2"	"M1"
"RASD1"	"M1"
"PTPRM"	"M1"
"STARD10"	"M2"
"CST3"	"M1"
"AIG1"	"M1"
"EFEMP1"	"M1"
"HIST1H2AC"	"M5"
"SPDEF"	"M2"
"ACO2"	"M7"
"NTN4"	"M2"
"ABRACL"	"M3"
"CHKB-CPT1B /// CPT1B"	"M1"
"CD59"	"M7"
"SELENBP1"	"M1"
"RNASE1"	"M1"
"SFRP2"	"M11"
"TNC"	"M1"
"TUFT1"	"M5"
"GALNT7"	"M2"
"NUSAP1"	"M3"
"ZWINT"	"M3"
"PAFAH1B3"	"M5"
"IFI27"	"M10"
"SAA1 /// SAA2"	"M1"
"MS4A7"	"M1"
"CA12"	"M2"
"KIAA0101"	"M3"
"AMIGO2"	"M2"
"IRS1"	"M1"
"RNF5 /// RNF5P1"	"M7"
"SESTD1"	"M1"
"MMD"	"M1"
"FAM83H"	"M5"
"LOC728613"	"M8"
"NAT1"	"M2"
"SUCLA2"	"M1"
"FUCA1"	"M9"
"C15orf48"	"M1"
"VCAN"	"M11"
"RARRES3"	"M2"
"LIMA1"	"M1"
"NEBL"	"M5"
"FAM107B"	"M1"
"TAP1"	"M10"
"SERPINE2"	"M6"
"AKR1C3"	"M1"
"IGLV1-44"	"M12"
"UQCRC2"	"M1"
"ITGB1BP1"	"M1"
"BASP1"	"M4"
"AMOTL2"	"M1"
"THYN1"	"M1"
"PDGFC"	"M1"
"HLA-DMB"	"M4"
"FGD2"	"M4"
"EPHB4"	"M5"
"CFH /// CFHR1"	"M1"
"IGJ"	"M12"
"UBE2C"	"M3"
"C1QBP"	"M7"
"PGM1"	"M1"
"NDUFA11"	"M7"
"SMOC2"	"M1"
"KRT14"	"M6"
"DUSP4"	"M2"
"MEST"	"M1"
"FMNL2"	"M1"
"FAM102B"	"M2"
"SYNGR2"	"M8"
"IGHM"	"M12"
"RGCC"	"M1"
"AGPAT6"	"M1"
"CILP"	"M1"
"CAMK2N1"	"M2"
"C4orf48"	"M5"
"APOD"	"M1"
"ADIRF"	"M1"
"RND3"	"M1"
"LRIG1"	"M2"
"SLC2A10"	"M2"
"LOC102724356"	"M1"
"ST14"	"M1"
"ID4"	"M1"
"ENPP2"	"M1"
"C1QB"	"M9"
"GRHL2"	"M5"
"CISD3"	"M5"
"COL5A1"	"M11"
"ABCG1"	"M2"
"MYL9"	"M1"
"CAPG"	"M3"
"KRT15"	"M6"
"TYROBP"	"M9"
"CTSD"	"M8"
"QDPR"	"M1"
"CD47"	"M8"
"ORMDL3"	"M1"
"CD83"	"M4"
"TFF3"	"M2"
"RP11-532F12.5"	"M5"
"CFB"	"M5"
"EPB41L4B"	"M1"
"PRKAR2B"	"M1"
"ECI2"	"M1"
"SULF2"	"M5"
"BACE2"	"M3"
"CD14"	"M9"
"ZFP36"	"M1"
"LOC100190986"	"M1"
"IPO4 /// TM9SF1"	"M8"
"FCGRT"	"M1"
"RCAN1"	"M1"
"NLRC5"	"M10"
"ELL3"	"M1"
"OBSL1"	"M5"
"FMOD"	"M1"
"CYFIP2"	"M1"
"CDK1"	"M3"
"HNRNPU-AS1"	"M1"
"EFS"	"M6"
"FAM214A"	"M2"
"TFF1"	"M2"
"OLFML3"	"M1"
"TPST2"	"M1"
"TOP2A"	"M3"
"IL6ST"	"M6"
"SERPINH1"	"M11"
"MUC1"	"M5"
"RAB11FIP1"	"M2"
"PAPSS2"	"M1"
"KNOP1"	"M1"
"APOE"	"M9"
"HMGB3"	"M1"
"CD53"	"M4"
"GPD1L"	"M1"
"IRX5"	"M5"
"BAMBI"	"M5"
"SSFA2"	"M1"
"SNX10"	"M1"
"VMP1"	"M3"
"PARP12"	"M10"
"SOD2"	"M1"
"CHI3L1"	"M6"
"HIBADH"	"M1"
"GBP3"	"M5"
"GUCY1A3"	"M4"
"RETSAT"	"M1"
"RAB25"	"M5"
"ZG16B"	"M5"
"FZD1"	"M11"
"MCAM"	"M1"
"HN1"	"M3"
"HIST2H2AA3 /// HIST2H2AA4"	"M5"
"EPS8"	"M1"
"ALAS1"	"M7"
"UBE2E3"	"M1"
"MXRA8"	"M1"
"GAS6"	"M1"
"TFAP2C"	"M5"
"H19 /// MIR675"	"M1"
"XAF1"	"M10"
"BHLHE41"	"M1"
"ODC1"	"M4"
"KANK1"	"M1"
"ITM2A"	"M1"
"RERG"	"M2"
"RGS2"	"M1"
"HIST1H2BD"	"M5"
"RHPN2"	"M5"
"MYO5C"	"M2"
"TGFBR3"	"M1"
"MYC"	"M7"
"GIMAP7"	"M9"
"SLC1A4"	"M2"
"COPE"	"M7"
"FHL2"	"M8"
"RAB29"	"M1"
"FBLN2"	"M1"
"ST6GAL1"	"M4"
"MGST1"	"M1"
"COL11A1"	"M1"
"TRAF4"	"M1"
"TMEM45A"	"M11"
"STK39"	"M1"
"S100P"	"M1"
"SH3BGRL"	"M2"
"CXCL9"	"M4"
"S100A8"	"M3"
"LINC00993"	"M2"
"CRIPAK"	"M1"
"EPS8L2"	"M5"
"GPRC5A"	"M5"
"ORMDL2"	"M8"
"BSPRY"	"M5"
"P4HTM"	"M2"
"HLA-DMA"	"M4"
"FAM129A"	"M3"
"LDOC1"	"M8"
"FOS"	"M1"
"TSPAN6"	"M1"
"CDS1"	"M5"
"HSD17B11"	"M1"
"CD99"	"M1"
"CD55"	"M1"
"AKR7A2"	"M7"
"MST4"	"M3"
"C8orf4"	"M2"
"CHST15"	"M1"
"KLHL5"	"M1"
"PLAT"	"M2"
"HIST1H4J"	"M5"
"PTTG1"	"M3"
"ITPR1"	"M2"
"WDR90"	"M1"
"ME2"	"M9"
"PDE4B"	"M6"
"PLAU"	"M11"
"IFI35"	"M10"
"GALNT3"	"M3"
"HLA-DQA1 /// HLA-DQA2 /// LOC100509457"	"M4"
"PYGL"	"M1"
"TNFAIP8"	"M9"
"STK17A"	"M4"
"TMEM150C"	"M3"
"COX7A1"	"M1"
"ASAH1"	"M1"
"LINC00623 /// LINC00869 /// LINC01138 /// LOC103091866"	"M1"
"CREB3L4"	"M5"
"FABP4"	"M1"
"TIPARP"	"M1"
"TMC4"	"M5"
"DCLK1"	"M1"
"MMP9"	"M3"
"CENPU"	"M1"
"SCNN1A"	"M2"
"FAH"	"M1"
"TMEM256"	"M1"
"TMEM126A"	"M7"
"DDR1 /// MIR4640"	"M5"
"NECAB3"	"M2"
"TSPAN5"	"M1"
"CDKN2C"	"M1"
"PSMB8"	"M10"
"CYP4X1"	"M2"
"LSR"	"M5"
"C8orf33"	"M7"
"ANKRD20A1 /// ANKRD20A11P /// ANKRD20A2 /// ANKRD20A3 /// ANKRD20A4 /// ANKRD20A5P /// ANKRD20A9P /// LOC102723891 /// LOC102725051"	"M8"
"SDC1"	"M1"
"LAMA4"	"M1"
"VTCN1"	"M5"
"PSAP"	"M9"
"SPATA20"	"M2"
"DNAJC12"	"M2"
"VWF"	"M1"
"CBR3"	"M1"
"FASN"	"M1"
"G0S2"	"M1"
"IFIT1"	"M10"
"AK021804"	"M11"
"PLBD1"	"M9"
"PPAP2A"	"M1"
"RP11-53O19.3"	"M2"
"SNX7"	"M1"
"TBX3"	"M2"
"LMO4"	"M4"
"LOC727820"	"M1"
"GPX8"	"M1"
"SC5D"	"M1"
"PLAGL1"	"M1"
"LAMC1"	"M1"
"TOX3"	"M2"
"CCNB1"	"M3"
"EIF4EBP1"	"M7"
"SPG20"	"M1"
"TMEM176B"	"M4"
"FOXO1"	"M1"
"COL15A1"	"M1"
"AGR3"	"M2"
"PEG3"	"M1"
"PEMT"	"M1"
"CHMP4C"	"M5"
"SRD5A1"	"M3"
"GSTP1"	"M6"
"BLNK"	"M1"
"COL4A5"	"M1"
"KIAA1522"	"M5"
"SH3KBP1"	"M1"
"NCAPG"	"M3"
"LOC100507577 /// LONP2 /// SIAH1"	"M1"
"TRAC"	"M4"
"STIL"	"M3"
"GCH1"	"M10"
"FAM174B"	"M2"
"SATB1"	"M1"
"HSPA2"	"M2"
"GUSBP3 /// GUSBP9"	"M1"
"SLC35B1"	"M8"
"MS4A6A"	"M9"
"HOOK1"	"M5"
"SAMD4A"	"M1"
"LHFP"	"M1"
"STAP2"	"M5"
"ATHL1"	"M1"
"RRAS"	"M1"
"CRYAB"	"M1"
"MED1"	"M1"
"HIST2H2BE"	"M5"
"SGCB"	"M1"
"GEM"	"M1"
"TIMP2"	"M1"
"SMCO4"	"M4"
"AKR1C2 /// LOC101930400"	"M1"
"PSMB9"	"M4"
"RP11-196G18.24"	"M3"
"FLNB"	"M5"
"FBP1"	"M2"
"CAPS"	"M1"
"CCL5"	"M4"
"LY6E"	"M8"
"LEPREL4"	"M5"
"PLA2G16"	"M1"
"FZD4"	"M1"
"FOXC1"	"M6"
"CKB"	"M1"
"ELP2"	"M2"
"SORD"	"M5"
"LNX1"	"M2"
"ISG20"	"M10"
"AHSA2"	"M1"
"NQO2"	"M1"
"RTN1"	"M1"
"SCD5"	"M7"
"RP11-124L9.5"	"M1"
"SGCE"	"M1"
"LINC00341 /// SYNE3"	"M1"
"GMDS"	"M3"
"C19orf33"	"M2"
"NPDC1"	"M2"
"GPX3"	"M1"
"BOK"	"M1"
"GXYLT2"	"M11"
"TNFRSF12A"	"M8"
"SAA1 /// SAA2 /// SAA2-SAA4"	"M1"
"CTGF"	"M11"
"TRIM22"	"M4"
"ORC6"	"M1"
"UHRF1"	"M3"
"ASNS"	"M3"
"SDHB"	"M7"
"MB"	"M5"
"PFKP"	"M6"
"RNF145"	"M1"
"SYNPO"	"M1"
"MYB"	"M2"
"ZNF503"	"M1"
"TMEM192 /// ZNF320"	"M1"
"PCYOX1"	"M1"
"RPS24"	"M1"
"SLC7A5"	"M3"
"SLC25A33"	"M1"
"ZNF493"	"M1"
"MELK"	"M3"
"ACSF2"	"M1"
"HOXC9"	"M4"
"CPQ"	"M1"
"CAP2"	"M1"
"PHLDA1"	"M7"
"NR2F1"	"M1"
"DGAT1"	"M1"
"CCDC80"	"M1"
"TMEM132A"	"M1"
"MCM2"	"M3"
"PCDH18"	"M1"
"CD302 /// LY75 /// LY75-CD302"	"M1"
"SPINT1"	"M5"
"SHROOM3"	"M5"
"LOC101929880 /// QPRT"	"M5"
"PRSS8"	"M5"
"TYMP"	"M10"
"ST3GAL1"	"M8"
"EVI2A"	"M4"
"BIK"	"M1"
"TRIM14"	"M1"
"STC2"	"M2"
"LINC00849 /// SLC25A16"	"M1"
"CCNDBP1"	"M1"
"ADIPOQ"	"M1"
"DUSP14"	"M1"
"CRYZ"	"M1"
"ANKMY2"	"M1"
"FZD7"	"M6"
"DPCD"	"M8"
"ZNF462"	"M6"
"MRPL13"	"M7"
"LRRC75A-AS1 /// SNORD49A /// SNORD49B /// SNORD65"	"M1"
"CEBPA"	"M1"
"HSPB8"	"M1"
"ARHGAP32"	"M5"
"TMEM251"	"M7"
"CAV1"	"M1"
"AKR7A3"	"M2"
"SLC39A11"	"M5"
"FIBIN"	"M11"
"LMBRD1"	"M1"
"AOC3"	"M1"
"ACOT1 /// ACOT2"	"M1"
"APOL6"	"M1"
"FAM60A"	"M3"
"EBF1"	"M1"
"ESRP2 /// MIR6773"	"M5"
"EFNA4"	"M1"
"EZH2"	"M3"
"IGFBP4"	"M2"
"TRIM2"	"M6"
"CRYBG3"	"M1"
"RHEB"	"M7"
"PLSCR4"	"M1"
"DHRS3"	"M1"
"NDRG2"	"M6"
"SYT17"	"M6"
"WLS"	"M1"
"FBXO32"	"M6"
"CD248"	"M1"
"MEGF9"	"M2"
"CYYR1"	"M1"
"REEP6"	"M2"
"CDC20"	"M3"
"SRPX"	"M1"
"NDN"	"M1"
"CDH3"	"M3"
"RAB1A"	"M7"
"CADPS2"	"M2"
"DANCR"	"M8"
"CCNB2"	"M3"
"FADS1 /// MIR1908"	"M1"
"SLC39A4"	"M8"
"H2BFS"	"M5"
"TIFA"	"M3"
"EGR3"	"M1"
"RHOBTB3"	"M1"
"FBXL16"	"M1"
"IRF1"	"M4"
"TMC5"	"M1"
"LAPTM5"	"M4"
"PIK3CD"	"M4"
"CCL19"	"M4"
"NPNT"	"M2"
"DEGS1"	"M7"
"PLEKHF2"	"M1"
"RARRES1"	"M6"
"PREX1"	"M2"
"TMEM176A"	"M4"
"CFL1"	"M8"
"ZNF106"	"M1"
"NASP /// NASP"	"M1"
"LOC101060321 /// LOC101060351 /// LOC101060376 /// LOC101060389 /// LOC102723859 /// LOC102724862 /// TBC1D3 /// TBC1D3C /// TBC1D3F /// TBC1D3H"	"M1"
"C11orf52 /// HSPB2 /// HSPB2-C11orf52"	"M2"
"MLLT11"	"M1"
"RUSC1"	"M8"
"SLC25A29"	"M1"
"GINS1"	"M3"
"GMFG"	"M4"
"COL10A1"	"M1"
"GGH"	"M8"
"STXBP1"	"M1"
"KIAA1324"	"M2"
"MAP1B"	"M1"
"SFRP4"	"M1"
"HIST3H2A"	"M1"
"PPP1R9A"	"M1"
"LY75"	"M4"
"C2orf74 /// KIAA1841"	"M1"
"IL17RD"	"M6"
"ANP32E"	"M6"
"MEIS2"	"M1"
"LZTS3"	"M5"
"ZNF423"	"M1"
"CCR5"	"M4"
"SIX4"	"M5"
"ASNA1"	"M7"
"JUP /// KRT17"	"M6"
"PHGDH"	"M1"
"MAPT"	"M2"
"SHB"	"M1"
"GPM6B"	"M6"
"CD36"	"M1"
"RP11-846E15.2"	"M1"
"HLA-DRB4"	"M4"
"SIK1"	"M8"
"PRC1"	"M3"
"AMD1"	"M6"
"WIPI1"	"M7"
"PPM1H"	"M5"
"KIF13B"	"M2"
"LOC101928747 /// RBMX /// SNORD61"	"M7"
"EME1"	"M1"
"BEX2"	"M1"
"HLA-DQB1 /// HLA-DRB1 /// HLA-DRB3 /// HLA-DRB4 /// HLA-DRB5 /// HLA-DRB6 /// LOC100996809 /// LOC101060835"	"M4"
"SNX21"	"M1"
"IDH3A"	"M7"
"MDK"	"M3"
"F3"	"M1"
"ZCCHC24"	"M1"
"CPE"	"M1"
"CTSZ"	"M9"
"MGLL"	"M1"
"PCSK5"	"M1"
"CP"	"M3"
"AC092620.2"	"M1"
"FGF13"	"M1"
"SCUBE2"	"M2"
"S100A9"	"M3"
"C2CD2"	"M1"
"PTGIS"	"M1"
"YES1"	"M1"
"ST6GALNAC2"	"M2"
"TIMP3"	"M1"
"TNXA /// TNXB"	"M1"
"NR1D2"	"M1"
"ECHDC3"	"M1"
"TTC39A"	"M5"
"CCDC176"	"M2"
"SRRM2"	"M7"
"GPT2"	"M2"
"CKMT1A /// CKMT1B"	"M1"
"SLPI"	"M6"
"C1QA"	"M9"
"LURAP1L"	"M2"
"IRS2"	"M1"
"HCLS1"	"M4"
"ALYREF"	"M8"
"NQO1"	"M1"
"CCNE2"	"M1"
"FANCI"	"M3"
"SMIM20"	"M1"
"SMIM22"	"M5"
"PCCA"	"M1"
"APOLD1"	"M1"
"CCDC3"	"M1"
"SLC4A11"	"M1"
"SOX9"	"M1"
"KIAA1244"	"M2"
"IMPA2"	"M7"
"SPRY1"	"M1"
"PSMD3"	"M3"
"PDGFD"	"M1"
"GPR160"	"M2"
"COMP"	"M5"
"ARHGAP9"	"M4"
"ISYNA1"	"M5"
"SLC16A7"	"M1"
"KLF5"	"M6"
"POLR2E"	"M1"
"OXCT1"	"M1"
"LGR4"	"M1"
"FGFR3"	"M1"
"IL10RA"	"M4"
"RP11-391M1.4"	"M1"
"TRIB2"	"M3"
"IFI44L"	"M10"
"PPP1R1A"	"M1"
"CFH"	"M1"
"PLAC9"	"M1"
"MRPS30"	"M2"
"CHRDL1"	"M1"
"CDC25B"	"M3"
"SCGB1D2"	"M2"
"CD163"	"M9"
"FCGBP"	"M1"
"NFIL3"	"M1"
"MIR612 /// NEAT1"	"M9"
"IFT122 /// LOC101927266"	"M2"
"PTPLAD1"	"M8"
"LOC100506558 /// MATN2"	"M1"
"AVPI1"	"M1"
"FBXL7"	"M2"
"VAMP5"	"M1"
"S100A14"	"M1"
"BOC"	"M1"
"PDGFRL"	"M1"
"EVA1C"	"M1"
"HILPDA"	"M1"
"SYNE4"	"M5"
"ZMYM6 /// ZMYM6NB"	"M7"
"APOBEC3G"	"M4"
"SMARCD3"	"M7"
"MET"	"M1"
"EDNRB"	"M1"
"LIPE"	"M1"
"OSR2"	"M1"
"EFCAB4A"	"M5"
"AC128677.4 /// CH17-132F21.1 /// IGKV1OR-1 /// IGKV1OR-1 /// IGKV1OR10-1 /// IGKV1OR10-1 /// IGKV1OR2-2"	"M12"
"HSPA4"	"M2"
"ACOX2"	"M1"
"ZNF785"	"M1"
"WDR54"	"M1"
"SPHK1"	"M3"
"DMD"	"M1"
"NELL2"	"M1"
"TNFRSF1B"	"M4"
"PM20D2"	"M6"
"RP11-28F1.2"	"M2"
"ITGAM"	"M9"
"RIPK4"	"M1"
"CYTH2"	"M1"
"HMOX1"	"M9"
"LPL"	"M1"
"RHOU"	"M1"
"HLA-DQB1"	"M4"
"AP1M2"	"M5"
"PKIB"	"M2"
"BDP1"	"M1"
"PRR15L"	"M5"
"AX746755 /// RP11-774O3.3"	"M2"
"FAM171A1"	"M6"
"GIMAP2"	"M4"
"SERTAD4"	"M1"
"RAP1GAP"	"M5"
"TMC8"	"M4"
"ISLR"	"M1"
"ID3"	"M1"
"CAV2"	"M1"
"LINC01138"	"M1"
"MIR1204 /// PVT1"	"M1"
"IRF8"	"M4"
"DTL"	"M3"
"SPON1"	"M1"
"CORO1A"	"M4"
"LOC202181"	"M7"
"FANCF"	"M1"
"CCL8"	"M1"
"TPD52"	"M3"
"KANK4"	"M1"
"ACO1"	"M1"
"IQGAP2"	"M1"
"FN1"	"M1"
"FBN1"	"M1"
"PPP1R3C"	"M2"
"NID2"	"M1"
"APOBEC3B"	"M3"
"MED24 /// MIR6884"	"M3"
"LOC389834 /// MAFIP /// TEKT4P2"	"M1"
"GABBR1 /// UBD"	"M4"
"BARD1"	"M1"
"RP11-747H7.3"	"M1"
"TP53RK"	"M8"
"ZMAT1"	"M3"
"AGPAT2"	"M1"
"FOXO6"	"M5"
"PPAP2C"	"M5"
"CD3D"	"M4"
"ARMCX2"	"M1"
"MZB1"	"M12"
"CLMP"	"M1"
"WNT5A"	"M5"
"FZD6"	"M3"
"SFRP1"	"M6"
"HLA-DQB1 /// LOC101060835"	"M4"
"NEDD4L"	"M7"
"GULP1"	"M1"
"SASH1"	"M1"
"SIDT1"	"M2"
"QPRT"	"M3"
"FXYD5"	"M4"
"CYP2B6 /// CYP2B7P"	"M2"
"CD52"	"M4"
"OPTN"	"M1"
"FOSB"	"M1"
"ZNF329"	"M2"
"LINC00094"	"M7"
"ACP5"	"M4"
"F12"	"M1"
"TFPT"	"M8"
"SERPINA1"	"M2"
"GTF2H2 /// GTF2H2B"	"M2"
"NEK2"	"M3"
"ANGPTL4"	"M1"
"FGFR2"	"M3"
"GPR116"	"M1"
"C1orf115"	"M1"
"DAPK1"	"M6"
"TMEM30B"	"M5"
"ELF3"	"M5"
"COPZ2"	"M1"
"ANKRD44"	"M4"
"GALNT6"	"M2"
"MFAP2"	"M11"
"SYTL1"	"M1"
"PPP1R10"	"M1"
"HDGFRP3"	"M2"
"HLA-DQA1 /// LOC100509457"	"M4"
"RP3-428L16.2"	"M11"
"CCDC113"	"M2"
"SAMD9L"	"M10"
"CLDN8"	"M5"
"VAV3"	"M2"
"ADH1B"	"M1"
"TSPYL5"	"M6"
"PAQR4"	"M1"
"MYBL1"	"M3"
"PALMD"	"M1"
"TMEM64"	"M1"
"HOXB2"	"M2"
"NAIP"	"M1"
"PPL"	"M1"
"ACTG2"	"M6"
"FMO2"	"M1"
"SFMBT2"	"M3"
"EPPK1"	"M1"
"MMP7"	"M4"
"P4HB"	"M8"
"KRTCAP3"	"M1"
"CIDEC"	"M1"
"PLGLB1 /// PLGLB2"	"M1"
"CLEC3B /// EXOSC7"	"M1"
"PABPC1L"	"M1"
"PBX3"	"M1"
"GPNMB"	"M9"
"RAD51AP1"	"M3"
"ANGPTL2"	"M1"
"FAP"	"M11"
"TRBC1"	"M4"
"LINC01279"	"M1"
"ZNF518B"	"M1"
"MAP4K4"	"M1"
"CCL2"	"M1"
"VSIG4"	"M1"
"KRT81"	"M3"
"BC017398 /// CTD-2314B22.3 /// DQ786293 /// DUXAP10 /// LL22NC03-N64E9.1"	"M1"
"GHR"	"M1"
"GPAM"	"M1"
"TNFAIP6"	"M1"
"PAPD4"	"M1"
"CPNE2"	"M1"
"ERP27"	"M1"
"IGF2 /// INS-IGF2"	"M1"
"FAM110C"	"M2"
"PNP"	"M8"
"OSBPL3"	"M3"
"GGTA1P"	"M1"
"TNFSF13B"	"M4"
"MOCOS"	"M6"
"ABCC3"	"M1"
"FAM72A /// FAM72B /// FAM72C /// FAM72D"	"M3"
"IGSF6"	"M4"
"THBS4"	"M1"
"BIRC3"	"M4"
"GOLGA8A"	"M7"
"PGAP3"	"M5"
"NAT14"	"M1"
"FANK1"	"M1"
"CBX3"	"M1"
"SLC25A1"	"M7"
"RBP1"	"M3"
"ANXA3"	"M1"
"KAT2B"	"M1"
"GSTM2"	"M3"
"COMMD5"	"M8"
"GTF2H2B"	"M1"
"GGT1 /// GGT2 /// GGTLC1 /// GGTLC2"	"M1"
"TRIM47"	"M8"
"RP11-174G6.5"	"M1"
"RAB26"	"M2"
"KIT"	"M6"
"TRIL"	"M2"
"HCK"	"M4"
"PCOLCE2"	"M1"
"PIR"	"M1"
"GSTO2"	"M5"
"EMB"	"M9"
"SBK1"	"M1"
"FBLN1"	"M1"
"TRIP13"	"M3"
"SERHL /// SERHL2"	"M2"
"LY6K"	"M6"
"IPW /// LOC101930404 /// PWARSN /// SNORD107 /// SNORD115-13 /// SNORD115-26 /// SNORD115-7 /// SNORD116-22 /// SNORD116-28 /// SNORD116-4"	"M3"
"CD109"	"M1"
"MAP3K8"	"M1"
"CRIP2"	"M2"
"PPAP2B"	"M1"
"IGF1R"	"M2"
"CCPG1 /// DYX1C1-CCPG1"	"M1"
"SLC12A8"	"M1"
"LPXN"	"M4"
"FJX1"	"M3"
"HMMR"	"M3"
"MMP1"	"M3"
"PROM1"	"M6"
"GSTT1"	"M1"
"DLC1"	"M1"
"SERPINI1"	"M2"
"DOCK11"	"M1"
"CAPN8"	"M2"
"ECM1"	"M2"
"MAPK13"	"M5"
"SCCPDH"	"M2"
"SLA"	"M4"
"MICB"	"M4"
"OAS1"	"M10"
"NUDT4 /// NUDT4P1"	"M1"
"RP11-803D5.4"	"M1"
"CCL3 /// CCL3L1 /// CCL3L3"	"M9"
"C7"	"M1"
"CDC14B"	"M1"
"ZEB2"	"M1"
"FOXA1"	"M2"
"ENPP4"	"M1"
"AIDA"	"M1"
"BC041025"	"M1"
"ACTG1P4 /// AMY1A /// AMY1B /// AMY1C /// AMY2A /// AMY2B"	"M1"
"MIR29B2 /// MIR29C"	"M2"
"CASD1"	"M2"
"MIA"	"M6"
"PRICKLE2"	"M1"
"LOC102724441 /// LOC102724951 /// LOC389831"	"M1"
"AGPAT9"	"M1"
"ZNF417 /// ZNF587"	"M1"
"ESRP1"	"M3"
"SYBU"	"M2"
"TEAD2"	"M7"
"GJB2"	"M1"
"SDC2"	"M1"
"PLTP"	"M1"
"RAI2"	"M3"
"PROS1"	"M1"
"KAL1"	"M2"
"KIF2C"	"M3"
"CDKN1C"	"M1"
"HRSP12"	"M1"
"TMEM140"	"M1"
"COLEC12"	"M1"
"RBP7"	"M1"
"IGF1"	"M1"
"NR4A1"	"M1"
"CXCL10"	"M10"
"CEACAM6"	"M5"
"IGKV1-37 /// IGKV1-37 /// IGKV1D-37 /// IGKV1D-37"	"M12"
"HMCN1"	"M1"
"RNF43"	"M1"
"LRRC17"	"M3"
"PLA2G7"	"M4"
"SAPCD2"	"M1"
"SLC35E2 /// SLC35E2B"	"M1"
"PPP1R1B"	"M1"
"DOCK8"	"M9"
"BTN3A2"	"M4"
"FXYD6"	"M1"
"RTKN"	"M5"
"CERS4"	"M2"
"NMB"	"M1"
"MESP1"	"M1"
"CYTIP"	"M4"
"HOXD8"	"M1"
"CNRIP1"	"M1"
"ANG"	"M1"
"FGL2"	"M9"
"TSPAN12"	"M1"
"ATP2C2"	"M5"
"ABCC6 /// ABCC6P1 /// ABCC6P2 /// LOC101930322"	"M1"
"MX2"	"M10"
"MYBL2"	"M3"
"DGAT2"	"M1"
"TMSB15A /// TMSB15B"	"M3"
"RP11-334C17.5"	"M1"
"SLC26A2"	"M6"
"TMEM125"	"M5"
"TPX2"	"M3"
"PWAR6"	"M1"
"RASGEF1A"	"M1"
"SYK"	"M4"
"GIMAP8"	"M9"
"HOXC10"	"M1"
"LOC100506076 /// LOC100506123"	"M1"
"DDX58"	"M10"
"C1orf106"	"M3"
"CLDN3"	"M5"
"IRX1"	"M6"
"LL22NC03-N14H11.1"	"M1"
"PMAIP1"	"M3"
"BNIP3"	"M1"
"STEAP1"	"M1"
"ID1"	"M1"
"MPV17L"	"M2"
"HERC5"	"M10"
"HCP5"	"M10"
"LOC100507472 /// PCSK6"	"M2"
"LINC01315"	"M6"
"RBM25"	"M5"
"LARP6"	"M1"
"TMEM200A"	"M11"
"PPP1R14A"	"M1"
"CLDN7"	"M5"
"CRISPLD1"	"M6"
"CGN"	"M5"
"EPT1"	"M3"
"PDE4DIP"	"M1"
"ENC1"	"M1"
"RGS16"	"M1"
"ADAM12"	"M1"
"TFAP2B"	"M5"
"MARC1"	"M1"
"RP11-295G20.2"	"M3"
"MFAP5"	"M1"
"TBX15"	"M1"
"CENPN"	"M3"
"SLC12A2"	"M5"
"IGFBP6"	"M1"
"CD2"	"M4"
"C14orf132"	"M3"
"PLCL2"	"M9"
"FBXO2"	"M2"
"MAP9"	"M4"
"CES1 /// LOC100653057"	"M1"
"PRR15"	"M2"
"CACHD1"	"M1"
"SMA4"	"M1"
"RPL31"	"M1"
"SASH3"	"M4"
"TLCD2"	"M1"
"DSC2"	"M6"
"HIST1H2BG /// HIST1H2BJ"	"M1"
"MSX1"	"M1"
"MALL"	"M6"
"RGS4"	"M11"
"SLC16A14"	"M2"
"ADAMTS1"	"M1"
"CECR1"	"M4"
"CLIC6"	"M2"
"LCP2"	"M4"
"CEP55"	"M3"
"PRELP"	"M1"
"ZBTB42"	"M5"
"OAS3"	"M10"
"ACADSB"	"M2"
"BOP1 /// MIR7112"	"M8"
"CCND2"	"M9"
"TMEM25"	"M2"
"PLEKHH1"	"M4"
"NUF2"	"M3"
"ANPEP"	"M1"
"CTPS1"	"M3"
"RHOH"	"M1"
"MYZAP"	"M1"
"PTGDS"	"M1"
"STC1"	"M5"
"NDC80"	"M3"
"CXCL16"	"M8"
"RASGRP1"	"M1"
"EPB41L3"	"M1"
"RHOA"	"M7"
"NR1H3"	"M1"
"VLDLR"	"M1"
"SPRY2"	"M1"
"SIAH2"	"M2"
"CYP4Z1"	"M5"
"FLI1"	"M9"
"SLC24A3"	"M1"
"FRZB"	"M6"
"PPP1R13L"	"M5"
"PRTFDC1"	"M6"
"SYNPO2"	"M1"
"TMPRSS3"	"M1"
"LEP"	"M1"
"SUSD2"	"M1"
"FNDC1"	"M11"
"LRG1"	"M2"
"RASSF6"	"M1"
"HIST1H2BE"	"M5"
"ZC3H12D"	"M4"
"EGR1"	"M1"
"LINGO1"	"M1"
"UBE2S"	"M3"
"TRPM4"	"M5"
"CCL14 /// CCL15-CCL14"	"M1"
"LACTB2"	"M1"
"TMEM97"	"M1"
"KRT23"	"M6"
"LOC100996643 /// LOC101928195 /// MTHFD1L"	"M6"
"PDZD2"	"M1"
"LOC645166 /// LOC654342"	"M1"
"INHBB"	"M3"
"KCNE4"	"M2"
"ADORA2A /// SPECC1L-ADORA2A"	"M1"
"AKAP2 /// PALM2-AKAP2"	"M1"
"GABRP"	"M6"
"CENPW"	"M3"
"ADSSL1"	"M1"
"LDB2"	"M1"
"CXCR4"	"M4"
"CPB1"	"M2"
"EVI2B"	"M4"
"GATA6"	"M1"
"PSMB8-AS1"	"M4"
"ENPP5"	"M2"
"SEMA3G"	"M1"
"LYPD6B"	"M2"
"KIF20A"	"M3"
"PAPLN"	"M9"
"C1orf116"	"M1"
"STEAP2"	"M1"
"KIF11"	"M3"
"CDC42EP5"	"M1"
"FAM118B"	"M1"
"UBE2T"	"M3"
"MMP3"	"M11"
"SMAGP"	"M8"
"UBE2M"	"M7"
"SCGB3A1"	"M3"
"SGMS2"	"M1"
"RGS1"	"M4"
"SUSD4"	"M1"
"COL14A1"	"M1"
"WIPF1"	"M4"
"TPRG1"	"M3"
"LOC100509445 /// LOC728715 /// OVOS /// OVOS2"	"M2"
"ASPM"	"M3"
"DEGS2"	"M2"
"F13A1"	"M1"
"BTN3A3"	"M4"
"HRASLS"	"M6"
"ANKRD28"	"M7"
"POLI"	"M1"
"PAX8-AS1"	"M4"
"MIR143HG"	"M3"
"IGKV1-17 /// IGKV1-17"	"M12"
"RMI2"	"M3"
"SMIM3"	"M1"
"NNT"	"M1"
"SIGLEC15"	"M1"
"LAMA2"	"M1"
"SETD9"	"M1"
"USP18"	"M10"
"BUB1B"	"M3"
"CMTM8"	"M5"
"CHI3L2"	"M6"
"TC2N"	"M5"
"RND1"	"M5"
"VEGFB"	"M1"
"ECHDC1"	"M1"
"CDCA7"	"M6"
"THBD"	"M1"
"C12orf75"	"M4"
"PLOD2"	"M1"
"RAMP1"	"M1"
"NCF2"	"M9"
"TRIM29"	"M6"
"TACC1"	"M1"
"CXCL8"	"M1"
"CA13 /// LOC100507258"	"M6"
"CD27"	"M4"
"C9orf16"	"M7"
"LINC01116"	"M2"
"CXCL13"	"M4"
"ADRA2A"	"M1"
"AGTR1"	"M1"
"NANOS1"	"M1"
"MAGED4 /// MAGED4B /// SNORA11D /// SNORA11E"	"M6"
"DPT"	"M1"
"IGKV1OR2-108 /// IGKV1OR2-108"	"M12"
"LINC01296 /// LOC100653149 /// LOC102725127"	"M1"
"SPATA18"	"M1"
"CFL2"	"M1"
"MTCL1"	"M1"
"PDLIM3"	"M1"
"SERPINA5"	"M2"
"CENPA /// SLC35F6"	"M3"
"CPVL"	"M9"
"MID1"	"M1"
"SCGB2A1"	"M2"
"DNAH5"	"M2"
"NHSL1"	"M1"
"P2RY14"	"M1"
"ESRRG"	"M5"
"DACH1"	"M2"
"OSBPL6"	"M1"
"EPSTI1"	"M10"
"PVRL4"	"M1"
"PNMAL1"	"M5"
"BNIPL /// C1orf56"	"M2"
"JAM2"	"M1"
"GREB1"	"M2"
"BEX5"	"M4"
"WASIR1 /// WASIR1 /// WASIR2 /// WASIR2"	"M1"
"TIGD7"	"M7"
"ZNF667-AS1"	"M1"
"NCF1"	"M4"
"FAM83D"	"M3"
"GSPT2"	"M1"
"IL1RN"	"M4"
"LOC101928000"	"M1"
"OXTR"	"M3"
"HBA1 /// HBA2"	"M1"
"DLGAP5"	"M3"
"POTEM"	"M2"
"SYCP2"	"M1"
"LOC728061"	"M1"
"ELOVL2"	"M2"
"ANXA8 /// ANXA8L1"	"M6"
"NMT2"	"M1"
"GPR183"	"M9"
"C11orf73"	"M7"
"LOC100288911"	"M1"
"FAM47E /// FAM47E-STBD1 /// STBD1"	"M1"
"RNASE4"	"M1"
"KIF18B"	"M3"
"MFHAS1"	"M4"
"TLCD1"	"M3"
"TM7SF2"	"M1"
"PLA2G2A"	"M1"
"CD69"	"M4"
"TENM2"	"M5"
"GRB7"	"M1"
"HOXA10-HOXA9 /// HOXA9 /// MIR196B"	"M1"
"NES"	"M6"
"PSPH"	"M1"
"NCEH1"	"M4"
"IL17RB"	"M1"
"STS"	"M1"
"SLC5A3"	"M7"
"IGLC1 /// IGLV3-25 /// IGLV3-25"	"M12"
"GET4 /// SUN1"	"M3"
"EP300-AS1"	"M3"
"REEP1"	"M2"
"IGLC1 /// IGLJ3 /// IGLV2-14 /// IGLV@"	"M12"
"EGLN3"	"M1"
"CCR1"	"M9"
"ASRGL1"	"M3"
"IFT80 /// TRIM59"	"M1"
"C1orf64"	"M2"
"HLA-DQA1"	"M4"
"TRIM59"	"M3"
"SECTM1"	"M8"
"NETO2"	"M1"
"ACACB"	"M1"
"LOC100505938"	"M5"
"LONRF2"	"M2"
"PID1"	"M1"
"NFIX"	"M1"
"KRT5"	"M6"
"MBOAT1"	"M5"
"STARD3"	"M1"
"SRPX2"	"M1"
"REPS2"	"M2"
"AGT"	"M4"
"KLF13"	"M1"
"TTK"	"M3"
"ACKR1"	"M1"
"RTP4"	"M10"
"FKBP1B"	"M1"
"APCDD1"	"M1"
"RAPH1"	"M1"
"TMEM158"	"M3"
"MIR100HG"	"M1"
"CD48"	"M4"
"NOSTRIN"	"M2"
"PLCB4"	"M6"
"EPN3"	"M1"
"MPEG1"	"M9"
"TBC1D10C"	"M4"
"FBLN5"	"M1"
"ME1"	"M1"
"S100A2"	"M6"
"CD8A"	"M4"
"DMKN"	"M1"
"GZMA"	"M4"
"SHISA2"	"M2"
"SLC39A6"	"M2"
"LAMP3"	"M10"
"AMFR"	"M9"
"AURKA"	"M3"
"CARD16 /// CASP1"	"M4"
"AR"	"M2"
"GTF2IRD2"	"M1"
"LAMC2"	"M6"
"SLC16A6"	"M1"
"LINC00926"	"M4"
"MCAM /// MIR6756"	"M1"
"ADCY2"	"M3"
"MRGPRF"	"M1"
"ENO2"	"M1"
"CENPV"	"M1"
"C16orf54"	"M4"
"CTA-292E10.6"	"M1"
"CPXM1"	"M1"
"AIFM2"	"M1"
"PLIN4"	"M1"
"TMEM55A"	"M1"
"MAOA"	"M1"
"CALB2"	"M1"
"RBP4"	"M1"
"CYB5R2"	"M6"
"DDR2"	"M1"
"ALDOC"	"M1"
"UGT2B28"	"M4"
"BIN1"	"M1"
"FLRT3"	"M1"
"SERHL2"	"M2"
"FAR2P2 /// FAR2P3"	"M2"
"RP11-96D1.11"	"M5"
"PDZK1IP1"	"M3"
"AQP7 /// LOC100509620 /// LOC101930168"	"M1"
"NPR3"	"M1"
"DHRS11"	"M1"
"PRRT3-AS1"	"M1"
"NRK"	"M5"
"CAND2"	"M1"
"PC"	"M1"
"CBS"	"M3"
"STON1"	"M1"
"LINC00086 /// LINC00087"	"M1"
"PLIN1"	"M1"
"TNNT1"	"M1"
"ARNT2"	"M1"
"TJP3"	"M5"
"LOC101929855 /// LOC102724851"	"M1"
"IGFBP5"	"M1"
"SCML1"	"M1"
"MEOX1"	"M1"
"CCNE1"	"M6"
"COL8A2"	"M11"
"IRF6"	"M3"
"ARHGAP6"	"M1"
"CYBRD1"	"M1"
"TMEM220"	"M1"
"RNF128"	"M5"
"MLLT3"	"M1"
"CTNNAL1"	"M1"
"ELOVL7"	"M5"
"NRIP3"	"M2"
"MARCH3"	"M1"
"DBP"	"M1"
"IGLJ3"	"M12"
"BTD"	"M1"
"LOC401052"	"M1"
"ACN9"	"M1"
"NKX3-1"	"M2"
"FAIM3"	"M4"
"BICC1"	"M1"
"PKDCC"	"M1"
"PCDHGA4"	"M1"
"C2orf40"	"M1"
"GREM1"	"M11"
"LRRC6"	"M2"
"PCDHB16"	"M1"
"WASF3"	"M1"
"C5orf46"	"M1"
"PRLR"	"M2"
"EPHX1"	"M1"
"PCDHB2"	"M7"
"UBE2QL1"	"M11"
"EEF1A2"	"M2"
"FAM89A /// MIR1182"	"M1"
"EGFR"	"M9"
"COL9A3"	"M1"
"TMEM132C"	"M1"
"KIF4A"	"M3"
"SLAMF7"	"M4"
"CX3CL1"	"M6"
"KLHL13"	"M1"
"SLITRK6"	"M2"
"AB074162 /// MIR181A2HG"	"M1"
"CCDC74A /// CCDC74B"	"M2"
"FOLR2"	"M1"
"BCAS1"	"M2"
"KCNJ8"	"M1"
"C16orf89"	"M3"
"MUC20"	"M1"
"METRN"	"M1"
"ALDH1A1"	"M1"
"TCF7L1"	"M6"
"FAM189A2"	"M5"
"BC022892"	"M7"
"LMOD1"	"M1"
"NRN1"	"M1"
"EHHADH"	"M1"
"SCG5"	"M11"
"BEX1"	"M2"
"IGFBP2"	"M2"
"HOXB-AS1"	"M2"
"TTC36"	"M2"
"TF"	"M1"
"GFRA1"	"M2"
"GNAI1"	"M1"
"GTSE1"	"M3"
"C17orf96"	"M3"
"KIFC2"	"M1"
"DHRS13"	"M1"
"PRKX /// PRKY"	"M6"
"CSF2RB"	"M4"
"IFI44"	"M10"
"CA2"	"M5"
"GRP"	"M1"
"MAMDC2"	"M1"
"EIF4E3"	"M1"
"PTPRCAP"	"M4"
"USP31"	"M1"
"RSPH1"	"M2"
"LOC254057"	"M1"
"GPX7"	"M6"
"CELSR2"	"M2"
"HRCT1"	"M1"
"MRC1"	"M1"
"IL7R"	"M4"
"GUSBP3 /// SMA4 /// SMA5"	"M2"
"HELLS"	"M3"
"PEX6"	"M8"
"ELP5"	"M1"
"HIST1H2BC"	"M5"
"ZNF415"	"M1"
"CDO1"	"M1"
"THRSP"	"M1"
"TMEM45B"	"M5"
"MIR6872 /// SEMA3B"	"M4"
"TMEM184A"	"M1"
"IL2RB"	"M4"
"STYK1"	"M3"
"CDC7"	"M3"
"ZBTB16"	"M1"
"OAS2"	"M10"
"TSPAN1"	"M2"
"ARHGEF4 /// LOC101930241"	"M1"
"POU2F3"	"M1"
"IL4I1"	"M4"
"THEM6"	"M8"
"RRAGD"	"M1"
"MTURN"	"M1"
"TMEM170B"	"M1"
"LOC388692"	"M1"
"NLRP2"	"M1"
"MTFR2"	"M3"
"ADHFE1"	"M1"
"HIST1H3A /// HIST1H3B /// HIST1H3C /// HIST1H3D /// HIST1H3E /// HIST1H3F /// HIST1H3G /// HIST1H3H /// HIST1H3I /// HIST1H3J"	"M1"
"DIO2"	"M11"
"DHCR7"	"M8"
"EYA2"	"M6"
"MANEAL"	"M3"
"NEK5"	"M2"
"CYP4Z2P"	"M5"
"IGHA1 /// IGHD /// IGHG1 /// IGHG3 /// IGHM /// IGHV4-31"	"M12"
"PPARG"	"M1"
"CLSTN2"	"M3"
"CALML5"	"M3"
"IGHG1 /// IGHM /// LOC102725426 /// MIR8071-1 /// MIR8071-2"	"M4"
"RAB38"	"M5"
"KDM6B"	"M1"
"NAPSB"	"M4"
"PEG3-AS1"	"M1"
"NOVA1"	"M1"
"TNN"	"M1"
"PRKX"	"M6"
"PPM1L"	"M1"
"C8orf88"	"M1"
"UBXN10-AS1"	"M2"
"AIM2"	"M4"
"ANKRD35"	"M1"
"DSEL"	"M1"
"CACNA1D"	"M2"
"FAM3B"	"M5"
"MAPK10"	"M1"
"HSPB2"	"M1"
"CKAP2 /// DKFZp667J0810 /// IGLC1 /// IGLJ2 /// IGLJ2 /// IGLJ3 /// IGLJ3 /// IGLJ3 /// IGLV1-36 /// IGLV1-36 /// IGLV1-44 /// IGLV1-50 /// IGLV1-50 /// IGLV@"	"M12"
"HSD17B1"	"M1"
"RP11-846E15.4"	"M1"
"CCL18"	"M9"
"MAGI2-AS3"	"M1"
"CDKN2A"	"M6"
"MEOX2"	"M1"
"MED15P9"	"M1"
"MAGI2"	"M1"
"MTL5"	"M2"
"abParts /// IGKC /// IGKV4-1 /// IGKV4-1"	"M12"
"C1orf213"	"M1"
"ARHGEF40"	"M1"
"PLEKHA6"	"M1"
"BMP4"	"M1"
"CPM"	"M1"
"HIST1H1D"	"M1"
"NME5"	"M2"
"BIRC5 /// EPR-1"	"M3"
"TIMP4"	"M1"
"KIF23"	"M3"
"PPAPDC1A"	"M1"
"HIST1H2AE"	"M5"
"MMP12"	"M4"
"VANGL2"	"M1"
"S100A7"	"M1"
"SELL"	"M4"
"HSPA12A"	"M1"
"DUSP2"	"M4"
"PODN"	"M1"
"RSPO3"	"M1"
"SPOCK1"	"M11"
"LOC100996506 /// RETSAT"	"M1"
"IGKC /// IGKV2-28 /// IGKV2-28 /// IGKV2D-28 /// IGKV2D-28"	"M12"
"DAAM1"	"M1"
"FAM162B"	"M1"
"PLEKHH2"	"M1"
"PBK"	"M3"
"TUBB2B"	"M1"
"SHCBP1"	"M3"
"PLS1"	"M1"
"ELMO3"	"M5"
"GLDN"	"M1"
"SEZ6L2"	"M5"
"LOC101927268 /// LOC102724851"	"M1"
"PLCL1"	"M1"
"HRASLS5"	"M1"
"SDR16C5"	"M2"
"SOX11"	"M3"
"FERMT2"	"M1"
"FDCSP"	"M4"
"C9orf152"	"M2"
"RP5-1092A3.4"	"M1"
"PSD3"	"M2"
"WISP2"	"M1"
"ANK2"	"M1"
"AL833181"	"M2"
"LRP2"	"M2"
"C8orf44-SGK3 /// SGK3"	"M1"
"KCNN4"	"M6"
"HOXA5"	"M1"
"MME"	"M1"
"CLIC3"	"M12"
"GPER1"	"M1"
"LINC01140"	"M1"
"PLA2G4A"	"M1"
"SUSD3"	"M2"
"RGS22"	"M1"
"CITED1"	"M2"
"FBXO17"	"M1"
"EPDR1"	"M1"
"RSAD2"	"M10"
"KMO"	"M3"
"RASSF10"	"M5"
"ADAMDEC1"	"M4"
"LYPD3"	"M5"
"TMEM139"	"M6"
"GGT6"	"M5"
"CDCA8"	"M3"
"IL32"	"M4"
"CMYA5"	"M2"
"RNF183"	"M1"
"CRTAP"	"M1"
"PCDHA1 /// PCDHA10 /// PCDHA11 /// PCDHA12 /// PCDHA13 /// PCDHA2 /// PCDHA3 /// PCDHA4 /// PCDHA5 /// PCDHA6 /// PCDHA7 /// PCDHA8 /// PCDHA9 /// PCDHAC1 /// PCDHAC2"	"M5"
"BLOC1S1-RDH5 /// RDH5"	"M1"
"CCRN4L"	"M7"
"TLN2"	"M1"
"MUM1L1"	"M3"
"IGDCC4"	"M1"
"XG"	"M1"
"HLA-DQB2"	"M4"
"CITED2"	"M1"
"IGLL5"	"M12"
"HTRA4"	"M1"
"CYP2B7P"	"M2"
"OASL"	"M10"
"LCN2"	"M6"
"CCR7"	"M4"
"BBOX1"	"M6"
"LINC00511 /// LINC00673"	"M6"
"GPC3"	"M1"
"KRT86 /// LOC100509764"	"M3"
"ICAM2"	"M1"
"ITGB2"	"M4"
"HOTS"	"M1"
"CORO6"	"M7"
"MMP13"	"M1"
"WIF1"	"M6"
"DHRS9"	"M1"
"FMO1"	"M1"
"HMGCS2"	"M2"
"EGOT"	"M1"
"CPA3"	"M1"
"ARSG"	"M2"
"CTTNBP2"	"M1"
"ST8SIA6-AS1"	"M3"
"WNK4"	"M2"
"CYP2J2"	"M8"
"HSD11B1"	"M1"
"GZMK"	"M4"
"PTPRN2"	"M1"
"KIAA1804"	"M6"
"EGFL6"	"M1"
"PLCH1"	"M3"
"MAP4K1"	"M4"
"FCGR2B"	"M1"
"EGFLAM"	"M1"
"ADCY1"	"M2"
"HAPLN3"	"M6"
"GRAMD2"	"M1"
"PLEKHB1"	"M3"
"LYZ"	"M4"
"SLC27A2"	"M2"
"ACSS3"	"M1"
"AHNAK2"	"M4"
"GPR146"	"M1"
"SCIN"	"M1"
"C1orf226"	"M2"
"PNMT"	"M5"
"IL20RA"	"M2"
"DSCAM-AS1"	"M2"
"MIR155 /// MIR155HG"	"M4"
"VIM"	"M1"
"MYOM1"	"M1"
"MYRIP"	"M1"
"GLYATL2"	"M3"
"FAM13C"	"M1"
"PDZK1"	"M2"
"DOK7 /// LOC102724043"	"M2"
"LRRN2"	"M1"
"ANKDD1A"	"M1"
"LRRN4CL"	"M1"
"ERBB4"	"M2"
"CHPT1"	"M1"
"NLRC3"	"M4"
"GALNT12"	"M1"
"ZFPM2"	"M1"
"GPR34"	"M1"
"TPPP3"	"M1"
"CST6"	"M1"
"ANKRD29"	"M1"
"TUSC5"	"M1"
"CXCL17"	"M1"
"GSTM5"	"M1"
"CXCL11"	"M10"
"EGF"	"M2"
"SLC44A3"	"M5"
"TMEM100"	"M1"
"HP"	"M1"
"EOMES"	"M4"
"HIST1H2AD /// HIST1H3A /// HIST1H3B /// HIST1H3C /// HIST1H3D /// HIST1H3E /// HIST1H3F /// HIST1H3G /// HIST1H3H /// HIST1H3I /// HIST1H3J"	"M3"
"KRT80"	"M3"
"DEFB1"	"M1"
"LRRN1"	"M1"
"FOXM1"	"M3"
"HPGDS"	"M1"
"CNTN3"	"M1"
"ALDH8A1"	"M1"
"HOXA7"	"M1"
"DNALI1"	"M2"
"CHL1"	"M1"
"OLFML1"	"M1"
"IDO1"	"M4"
"LGALS12"	"M1"
"MPPED2"	"M1"
"CKAP2 /// IGLC1 /// IGLJ2 /// IGLJ2 /// IGLJ3 /// IGLJ3 /// IGLJ3 /// IGLV1-44 /// IGLV2-14 /// IGLV@"	"M12"
"GZMB"	"M4"
"IGHA1 /// IGHA2 /// IGHG1 /// IGHG3 /// IGHM /// IGHV3-23 /// IGHV4-31"	"M12"
"SLC6A16"	"M7"
"BCL2A1"	"M4"
"CD3G"	"M4"
"CDK5R1"	"M3"
"PYCRL"	"M3"
"AC018816.3"	"M2"
"LRMP"	"M4"
"ACKR4"	"M1"
"CEACAM5"	"M1"
"PAMR1"	"M1"
"TDO2"	"M10"
"C10orf10"	"M1"
"ANKRD30B"	"M2"
"TINCR"	"M1"
"EPB41L2"	"M1"
"MFAP4"	"M1"
"FOLR1"	"M6"
"CCDC78"	"M1"
"PRSS16"	"M1"
"HOXD-AS2"	"M1"
"HOTAIR"	"M1"
"RBM24"	"M2"
"GZMH"	"M4"
"PP14571"	"M5"
"HCAR3"	"M1"
"WT1"	"M1"
"GPR37 /// SEL1L2"	"M6"
"CD72"	"M4"
"EHF"	"M1"
"RNF150"	"M1"
"DHRS2"	"M2"
"IL33"	"M1"
"BUB1"	"M3"
"RELN"	"M1"
"MYBPC1"	"M3"
"TTC6"	"M2"
"KIAA1377"	"M3"
"WNT11"	"M1"
"TCRDV2 /// TRDC /// TRDC /// YME1L1"	"M1"
"H2BFXP"	"M3"
"LRRC10B"	"M5"
"MFSD4"	"M6"
"KIF15"	"M3"
"IGLC1 /// IGLV3-10 /// IGLV3-10"	"M12"
"SOX10"	"M6"
"EPHX2"	"M1"
"NR3C2"	"M1"
"ITIH5"	"M1"
"SLC15A2"	"M3"
"DIO1"	"M5"
"CCDC69"	"M1"
"BHMT2"	"M1"
"GSTM1"	"M3"
"KISS1R"	"M5"
"TSPAN8"	"M1"
"SLC6A14"	"M6"
"GATA3-AS1"	"M2"
"TFEC"	"M4"
"MIR10A"	"M2"
"KBTBD8"	"M4"
"GALNT14"	"M3"
"CNTN4"	"M1"
"IL1R2"	"M1"
"COPG2IT1"	"M1"
"CLIC5"	"M1"
"DYNLRB2"	"M2"
"FGF14-AS2"	"M1"
"GPR171"	"M4"
"RP11-353N14.2"	"M2"
"LOC101926959"	"M2"
"NRCAM"	"M1"
"PDE9A"	"M6"
"SH2D1A"	"M4"
"CTB-167B5.2"	"M3"
"SEL1L3"	"M4"
"AK097370"	"M2"
"HIST1H2AG /// HIST1H2AH /// HIST1H2AI /// HIST1H2AK /// HIST1H2AL /// HIST1H2AM"	"M3"
"TCN1"	"M5"
"ADRB2"	"M1"
"SOWAHA"	"M2"
"NFASC"	"M1"
"TMTC1"	"M1"
"MMP10"	"M1"
"PCK1"	"M1"
"DUXAP10"	"M1"
"OGN"	"M1"
"C6orf141"	"M2"
"CKAP2 /// IGLC1 /// IGLJ2 /// IGLJ2 /// IGLJ3 /// IGLJ3 /// IGLJ3 /// IGLV3-1 /// IGLV3-1 /// IGLV@"	"M12"
"CCL21"	"M4"
"MYEOV"	"M1"
"ZNF883"	"M6"
"ANXA9"	"M2"
"GALNT16"	"M1"
"GPAT2"	"M1"
"PTX3"	"M1"
"BCL11A"	"M6"
"FAXDC2"	"M1"
"FHL1"	"M1"
"IGK /// IGKC"	"M12"
"CD300LG"	"M1"
"FGF2"	"M1"
"SAA2-SAA4 /// SAA4"	"M1"
"TFPI2"	"M1"
"PPP1R36"	"M1"
"OMD"	"M1"
"NDP"	"M2"
"INPP5J"	"M2"
"DTNA"	"M1"
"KDM4B /// LOC100507022"	"M2"
"MDFIC"	"M1"
"CCNO"	"M5"
"ALDH1L1"	"M1"
"STK32B"	"M2"
"RDH10"	"M6"
"XCL1 /// XCL2"	"M4"
"HIST1H4H"	"M5"
"ACVR1C"	"M1"
"LOC101060604 /// SLC7A5P1 /// SLC7A5P2"	"M1"
"ZYG11A"	"M3"
"IGLJ3 /// IGLV3-19 /// IGLV3-19"	"M12"
"VGLL3"	"M1"
"LOC101928152"	"M3"
"LOC145837"	"M2"
"GABRE /// MIR224 /// MIR452"	"M1"
"KCNB1"	"M1"
"PECR"	"M1"
"PLAC8"	"M4"
"ARHGEF26-AS1"	"M1"
"IGH /// IGHA1 /// IGHA2 /// IGHG1 /// IGHG2 /// IGHG3 /// IGHM /// IGHV4-31 /// LOC102725526"	"M12"
"PGBD5"	"M6"
"SELE"	"M1"
"NBPF4"	"M2"
"MICU3"	"M1"
"BIRC5"	"M3"
"CYP26B1"	"M1"
"CA3"	"M1"
"CCR2"	"M12"
"NKG7"	"M4"
"ABCC13"	"M1"
"GREB1L"	"M2"
"LOC101930114"	"M1"
"MUC15"	"M6"
"KLF4"	"M1"
"MARCO"	"M1"
"CKAP2 /// IGLC1 /// IGLV3-1 /// IGLV3-1 /// IGLV@"	"M12"
"CYP2A6"	"M2"
"MRAP"	"M1"
"GALNT15"	"M1"
"GBP5"	"M4"
"LOC102724689"	"M4"
"LOC100129447"	"M4"
"IGHA1 /// IGHG1 /// IGHM /// IGHV3-23 /// IGHV4-31"	"M12"
"CKMT2"	"M1"
"MMP16"	"M6"
"DSC3"	"M6"
"LOC100294341 /// LOC101929774"	"M7"
"CCL28"	"M6"
"AK5"	"M2"
"NCF1 /// NCF1B /// NCF1C"	"M4"
"RP11-736K20.5"	"M1"
"PVRIG"	"M4"
"KRT16"	"M6"
"MS4A4A"	"M1"
"ROPN1B"	"M6"
"CD22"	"M4"
"RBPMS2"	"M1"
"ABCA6"	"M1"
"PPP1R14C"	"M6"
"TMEM71"	"M6"
"HEPACAM /// HEPN1"	"M1"
"PRAME"	"M6"
"ZIC1"	"M6"
"LGALS2"	"M4"
"FXYD1"	"M1"
"SAMD13"	"M5"
"ADH1C"	"M1"
"MIR205HG"	"M5"
"DEFB132"	"M1"
"L1CAM"	"M3"
"LRRN3"	"M1"
"DKK1"	"M3"
"ITGA7"	"M1"
"PTCHD1"	"M6"
"FABP7"	"M6"
"ASPA"	"M1"
"GNMT"	"M2"
"VIT"	"M1"
"FCRLB"	"M5"
"CASQ2"	"M1"
"MAL"	"M4"
"FAM84A"	"M3"
"LOC101060264"	"M1"
"PON3"	"M5"
"RBM20"	"M2"
"COL6A6"	"M1"
"UGT2B15"	"M2"
"FGFBP2"	"M1"
"GNLY"	"M4"
"RBPMS-AS1"	"M1"
"MT1M"	"M1"
"LYVE1"	"M1"
"PCDHB5"	"M1"
"EN1"	"M6"
"IGH /// IGHA1 /// IGHA2 /// IGHD /// IGHG1 /// IGHG3 /// IGHG4 /// IGHM /// IGHV3-23 /// IGHV4-31"	"M12"
"LOC101928245"	"M2"
"COL2A1"	"M1"
"KLK5"	"M6"
"MSMB"	"M5"
"STEAP4"	"M3"
"KLRC1 /// KLRC2"	"M4"
"SPIB"	"M4"
"SYNGR3"	"M4"
"FAM149A"	"M1"
"IGSF10"	"M1"
"BC032415"	"M2"
"LGALS7 /// LGALS7B"	"M6"
"CBLC"	"M5"
"GPR18"	"M4"
"ROPN1"	"M6"
"CLCA2"	"M1"
"GRIA2"	"M2"
"P2RX5"	"M4"
"CBLN2"	"M1"
"MIR6778 /// SHMT1"	"M1"
"FERMT1"	"M6"
"HGD"	"M5"
"GSDMB"	"M1"
"HLF"	"M1"
"FIGF /// PIR-FIGF"	"M1"
"TNFRSF17"	"M12"
"SRPK3"	"M12"
"LCK"	"M4"
"TOX"	"M4"
"SOSTDC1"	"M6"
"LOC100129029 /// LOC100131270"	"M6"
"GSTT2"	"M2"
"IGHD"	"M12"
"GYG2"	"M1"
"ACTR3B"	"M6"
"BPIFB1"	"M5"
"RGN"	"M1"
"C14orf180"	"M1"
"MAB21L1 /// MIR548F5"	"M1"
"GPR64"	"M2"
"EPHX4"	"M1"
"ICOS"	"M4"
"KCTD14 /// NDUFC2-KCTD14"	"M6"
"IGH /// IGHA1 /// IGHD /// IGHG1 /// IGHG3 /// IGHM /// IGHV3-23 /// IGHV4-31"	"M12"
"PTPRZ1"	"M6"
"C10orf82"	"M1"
"STAG3"	"M4"
"KLRG2"	"M6"
"CIDEA"	"M1"
"LOC100507431"	"M9"
"FGB"	"M3"
"BMP2"	"M1"
"CYP4F8"	"M1"
"MCM10"	"M3"
"ATP13A4"	"Not.Correlated"
"FCRL2"	"M7"
"AKR1B10"	"M5"
"LOC284825"	"M1"
"SLC25A18"	"M1"
"CAPN6"	"M1"
"MSLN"	"M6"
"CYP4F62P"	"M2"
"LOC101929726"	"M1"
"CA4"	"M1"
"PFKFB1"	"M1"
"PENK"	"M1"
"FLJ33534"	"M2"
"SHC4"	"M6"
"ACTA1"	"M1"
"IGH /// IGHE /// IGHE /// IGHE"	"M4"
"TCL1A"	"M4"
"RNF182"	"M1"
"SCRG1"	"M6"
"GLYAT"	"M1"
"OSR1"	"M1"
"SGCG"	"M1"
"UNC5A"	"M2"
"PCSK1N"	"M6"
"SYT1"	"M2"
"PCAT18"	"M2"
"HK3"	"M4"
"FOXD1"	"M3"
"KLB"	"M1"
"MUC5B"	"M3"
"KLK11"	"M3"
"CHIT1"	"M9"
"PLP1"	"M1"
"LINC00672"	"M1"
"FAM150B"	"M1"
"CLDN1"	"M6"
"SLC19A3"	"M1"
"HP /// HPR"	"M1"
"HPGD"	"M1"
"SPTBN1"	"M1"
"PVALB"	"M2"
"MYOC"	"M1"
"LBP"	"M1"
"TNFSF11"	"M4"
"HSPB7"	"M1"
"RERGL"	"M1"
"CT83"	"M6"
"ZIC2"	"M3"
"PDE8B"	"M1"
"DAPL1"	"M5"
"CCDC144A /// CCDC144B /// CCDC144CP /// LOC101929141"	"M1"
"ACADL"	"M1"
"BCHE"	"M1"
"LINC00607"	"M1"
"ANKRD33B"	"M1"
"HORMAD1"	"M6"
"FLJ38379"	"M2"
"DLK1"	"M1"
"SDPR"	"M1"
"DISP2"	"M5"
"PLCD4"	"M2"
"HTATSF1P2"	"M3"
"PTPRT"	"M4"
"AC004538.3 /// BC040327"	"M1"
"TEX14"	"M5"
"TRAT1"	"M4"
"AREG"	"M11"
"PGM5-AS1"	"M1"
"LINC00968"	"M1"
"DCD"	"M1"
"CLEC3A"	"M2"
"LY6D"	"M1"
"ACTL8"	"M3"
"ART3"	"M6"
"SOX8"	"M2"
"LOC102723493"	"M1"
"KLK6"	"M6"
"PCP4L1"	"M3"
"CAMK2B"	"M4"
"GPR87"	"M4"
"MS4A1"	"M4"
"NPY5R"	"M1"
"FLJ22184"	"M1"
"ST6GALNAC1"	"M1"
"GPIHBP1"	"M1"
"LOC102723847"	"M3"
"ANGPTL1"	"M1"
"LOC101928173"	"M4"
"ORM1"	"M3"
"HEPACAM2"	"M2"
"PGR"	"M2"
"INSM1"	"M1"
"SERPINA6"	"M2"
"C5orf27"	"M3"
"IGSF1"	"M5"
"TNMD"	"M1"
"ORM1 /// ORM2"	"M3"
"PI15"	"M5"
"LEMD1"	"M6"
"CR2"	"M4"
"CGA"	"M5"
"TSLP"	"M1"
"AADAC"	"M1"
"FLJ36848"	"M1"
"C1orf186 /// LOC100505650 /// LOC101929219"	"M4"
"ELF5"	"M6"
"APOB"	"M1"
"CHRNA9"	"M5"
"PXDNL"	"M3"
"CYP4F22"	"M2"
"AQP5"	"M6"
"DLX2"	"M2"
"KLK10"	"M6"
"SLC30A8"	"M5"
"CSN1S1"	"M1"
"LOC101930288 /// LOC101930531"	"M1"
"GPM6A"	"M3"
"MUC16"	"M6"
"HSD17B2"	"M6"
"PI3"	"M3"
"PCSK1"	"M12"
"SMCO3"	"M5"
"LDHD"	"M1"
"CARTPT"	"M2"
"CCL20"	"M3"
"MUC19"	"M1"
"FKBP5"	"M1"
"GABBR2"	"M6"
"RP11-369C8.1"	"M5"
"GPR158"	"M1"
"CHGB"	"M2"
"SLC22A3"	"M1"
"EYA1"	"M1"
"SPANXA1 /// SPANXA2"	"M5"
"LIN28A"	"M1"
"C5orf66-AS1"	"M3"
"AL022344.5"	"M7"
"DNER"	"M4"
"PYGM"	"M1"
"NRTN"	"M6"
"SLC7A10"	"M1"
"TRHDE-AS1"	"M1"
"CHGA"	"M4"
"CDSN"	"M1"
"LINC01207"	"M1"
"LOC101929036 /// PAH"	"M2"
"MAGEA6"	"M3"
"MALRD1"	"M2"
"DGKI /// LOC100128727"	"M6"
"KCNK3"	"M5"
"RP13-238F13.5"	"M6"
"C8orf46"	"M6"
"ALOX15B"	"M1"
"MAGEA3 /// MAGEA6"	"M3"
"KRT6A /// KRT6B /// KRT6C"	"M1"
"BLK"	"M4"
"S100A7A"	"M1"
"FGG"	"M3"
"C5orf17"	"Not.Correlated"
"GAD1"	"M2"
"DGKI"	"M6"
"CYP24A1"	"M5"
"LINC01354"	"M1"
"CHRM3"	"M6"
"SULT1C2"	"M1"
"BRINP2"	"M5"
"SYNPO2L"	"M3"
"NAT2"	"M2"
"PRSS33"	"M6"
"PAX7"	"M3"
"C19orf80"	"M1"
"S100G"	"M5"
"OBP2B"	"M6"
"TDRD12"	"M4"
"ABCB4"	"M4"
"MYH2"	"M1"
"PNLIPRP3"	"M1"
"CPA6"	"M2"
"BCAR4"	"M3"
